,fsym_id,exdate,bbg_id,in_index
0,B00FG1-R,2020-02-24,BBG00699HCV8,0
1,B04V7K-R,2021-01-28,BBG000C0R327,1
2,B19ST9-R,2020-11-12,BBG000BNBDC2,1
3,B2DCHG-R,2020-11-05,BBG002WMG9X8,0
4,B2DWV9-R,2020-11-13,BBG000BH63D2,0
5,B3G4BK-R,2020-11-30,BBG00D0Y81M1,1
6,B6VKDH-R,2020-11-13,BBG000BC9K06,0
7,B6ZP8C-R,2020-11-09,BBG000BKY1G5,1
8,B6ZXQL-R,2021-01-29,BBG000DHPN63,1
9,B8350Q-R,2020-10-22,BBG000BZNSD8,1
10,B973PJ-R,2020-11-13,BBG000F964B6,0
11,BCHRDT-R,2021-01-28,BBG000BV7ZW8,1
12,BDM513-R,2020-11-16,BBG000H65582,0
13,BFMPK2-R,2021-01-28,BBG00RDKMTW8,1
14,BFSQSF-R,2021-01-21,BBG000BMT0R7,1
15,BJ2HRV-R,2020-12-01,BBG000BT41Q8,1
16,BJ2P30-R,2020-02-06,BBG000MKW8B5,0
17,BK2FRW-R,2020-11-13,BBG000MDCQC2,1
18,BL5KVX-R,2020-12-01,BBG000F6H8W8,1
19,BM9QXX-R,2020-11-30,BBG000DKCC19,1
20,BMF291-R,2020-11-12,BBG000QCQ764,0
21,BMH9K4-R,2020-11-12,BBG000C3ZNH2,0
22,BNMLW8-R,2021-01-22,BBG000D5BDF6,1
23,BPKYVT-R,2020-11-04,BBG000BDTT76,0
24,BPRHF0-R,2020-11-12,BBG000BHGDH5,1
25,BQDDX6-R,2020-11-13,BBG005H82GB2,0
26,BQVD1T-R,2020-11-03,BBG000BY3302,0
27,BRWKF0-R,2020-11-20,BBG000BLXZN1,1
28,BS0FTN-R,2020-11-27,BBG000G21FS2,0
29,BS21X5-R,2020-01-31,BBG000C4Q0W3,0
30,BTJCBQ-R,2021-01-28,BBG003FX9C44,0
31,BV3ZV5-R,2020-11-13,BBG000BCSZT1,0
32,BV4P4T-R,2020-11-05,BBG000BB6M98,1
33,BV52Y6-R,2020-11-04,BBG000BLR3Y7,0
34,BWZ93Y-R,2020-11-25,BBG001B4BV87,1
35,BXKBJW-R,2021-01-28,BBG000PXLSN9,0
36,BYKM67-R,2020-10-05,BBG000BSHJ96,0
37,BYNP13-R,2020-12-03,BBG000DQTXY6,1
38,BYPLSZ-R,2020-11-13,BBG000GM73Y2,0
39,C0YZ00-R,2020-11-30,BBG000BPFFJ1,0
40,C2LPC7-R,2020-11-27,BBG000BNYLL9,0
41,C37W7K-R,2020-11-19,BBG000F4HLT8,0
42,C5HWS8-R,2020-11-13,BBG000JN3576,0
43,C5P72D-R,2021-01-28,BBG000BGLFP7,0
44,C7C9TP-R,2020-11-27,BBG00BN96922,1
45,C7LZYC-R,2020-11-09,BBG000BNTTY4,0
46,C8S1Q6-R,2020-11-20,BBG000C38CT3,0
47,C8WZ5W-R,2020-11-13,BBG000BQ4C99,0
48,CDBB0P-R,2020-11-13,BBG000BSV7D1,0
49,CFG1CD-R,2020-11-09,BBG000TRJ294,1
50,CFGH2P-R,2020-02-06,BBG000C0Y3B9,0
51,CFJ279-R,2021-01-28,BBG000QBM0Z3,1
52,CHK9QJ-R,2020-11-05,BBG000BMDBZ1,1
53,CJ5TFB-R,2020-11-30,BBG008LJ4TF3,0
54,CKVS0L-R,2020-11-02,BBG000C2ND43,0
55,CKVZDS-R,2020-11-30,BBG000DWJWQ5,0
56,CP789N-R,2020-11-09,BBG000BC0955,0
57,CPCW2Z-R,2020-11-19,BBG000BGPTV6,1
58,CRJWXW-R,2020-11-12,BBG000CF29Z2,0
59,CRL9M6-R,2020-11-06,BBG000BT4C39,0
60,CRM45Z-R,2020-11-30,BBG000P0TKR6,0
61,CRNHT8-R,2020-10-21,BBG000BDF0G4,1
62,CRP3ZV-R,2020-11-10,BBG000BX9WL1,1
63,CRPCG2-R,2020-11-12,BBG000BNPYN9,0
64,CSS5YT-R,2020-10-30,BBG000BGBTC2,0
65,CTX9YS-R,2020-08-13,BBG000BTKR92,0
66,CW0Z19-R,2020-11-09,BBG000QJXDW9,0
67,CX6P1R-R,2021-01-28,BBG000PY5XQ1,1
68,CXW1DC-R,2020-01-30,BBG008QQCJ65,0
69,CY4K3V-R,2020-11-27,BBG0034VYLG9,0
70,CYB1M0-R,2020-11-13,BBG000BBS2Y0,1
71,CZ9YK0-R,2020-11-05,BBG000M7H7J5,0
72,CZBYFY-R,2020-11-13,BBG000BMTFR4,1
73,D0H09V-R,2020-11-18,BBG000BYTR65,1
74,D1P43P-R,2020-11-13,BBG000BWJFZ4,1
75,D1QXJC-R,2020-11-25,BBG000JVJ8N7,0
76,D2RQ56-R,2020-11-30,BBG000KFW1C2,0
77,D3VZJC-R,2020-11-24,BBG000BS5DR2,1
78,D3WHHV-R,2021-01-14,BBG000BS21R1,0
79,D3ZY22-R,2020-11-12,BBG000BLCPY4,1
80,D4VZNG-R,2020-11-13,BBG001KY3845,0
81,D502G9-R,2020-11-09,BBG000BB9KF2,1
82,D545SN-R,2020-11-13,BBG004WQKD07,0
83,D5T7M2-R,2020-11-13,BBG00LMYX123,0
84,D68983-R,2020-11-05,BBG000BFVXX0,1
85,D70L9L-R,2021-01-14,BBG000FV0NL0,0
86,D8DLQB-R,2020-11-27,BBG000BG7423,1
87,D9KK92-R,2020-11-13,BBG000BBHHP9,0
88,D9P31D-R,2020-11-19,BBG000BP7RH6,0
89,D9RT6Y-R,2020-02-06,BBG000BM2FL9,0
90,DBMQ4T-R,2020-11-27,BBG00D8JD9Z9,0
91,DBNVQ8-R,2020-11-12,BBG000BC5WJ4,0
92,DF3WQM-R,2020-11-04,BBG000BYDP11,1
93,DG27Q5-R,2020-11-12,BBG000BHX7N2,1
94,DH79H0-R,2020-11-19,BBG000BWSV34,1
95,DH7WLK-R,2020-11-13,BBG000BHD8S7,1
96,DHHJVD-R,2020-11-12,BBG000BFNLP4,0
97,DKMPBT-R,2021-01-28,BBG000C88125,0
98,DKMWR0-R,2020-11-13,BBG000C7QK61,0
99,DLN18C-R,2020-11-19,BBG000F4DVC8,0
100,DLRTBS-R,2021-01-28,BBG000BT1MR4,0
101,DLWPWK-R,2021-01-04,BBG000Q2BVH7,0
102,DNWLTJ-R,2020-11-16,BBG000BD9ZM7,0
103,DNXNVJ-R,2020-11-23,BBG000BV95H9,1
104,DNY1KW-R,2020-11-16,BBG000BQTMJ9,1
105,DQ510J-R,2020-11-24,BBG000CZ8PQ6,1
106,DQ5M42-R,2020-11-05,BBG000BLLWV2,0
107,DQZWBT-R,2020-11-30,BBG000G7QX50,0
108,DRBC9M-R,2020-11-06,BBG000BKR1D6,1
109,DS930J-R,2020-11-30,BBG000BP5FQ4,0
110,DSQWTZ-R,2020-01-31,BBG006NJXS29,0
111,DTKG2G-R,2020-02-04,BBG000NFKDB7,0
112,DVQFQ7-R,2020-11-19,BBG000D7P047,0
113,DW98X4-R,2020-02-27,BBG004BMM0N0,0
114,DWV3VS-R,2020-11-06,BBG000PLLP24,0
115,DWVHL4-R,2020-11-06,BBG000CWSZN2,0
116,DXTTDL-R,2021-01-28,BBG000HJ82S6,1
117,DXVDJ4-R,2020-11-18,BBG000KLB4Q1,1
118,DXW84Y-R,2020-11-19,BBG000BT7JW9,1
119,DXZQS6-R,2020-12-01,BBG000NSCNT7,1
120,DZ4M6W-R,2020-12-31,BBG000JWS4F3,0
121,F03Z3C-R,2021-01-28,BBG000CVQ2M0,1
122,F04DYS-R,2020-02-07,BBG000C1ZRQ7,0
123,F066CG-R,2020-11-12,BBG000BF5QK8,0
124,F07Q7W-R,2020-11-05,BBG000H3YXF8,1
125,F17K1T-R,2020-11-13,BBG000BQPCB3,0
126,F17SJ1-R,2020-12-03,BBG000BB6G37,1
127,F1DMRL-R,2020-11-09,BBG000D7HF89,0
128,F29RYJ-R,2020-11-13,BBG00NSBGFJ3,0
129,F3HW5T-R,2020-11-30,BBG000BT9174,1
130,F3J0FY-R,2020-11-12,BBG00L17G133,0
131,F4NL9B-R,2020-11-13,BBG000BD53V2,0
132,F6YYD9-R,2020-11-30,BBG000BP3SJ6,0
133,F72BWH-R,2020-11-13,BBG000BD2D25,0
134,F84V9G-R,2020-10-30,BBG00BZSZZD5,0
135,F9BFK8-R,2020-11-27,BBG000F161Q3,0
136,FCCHG2-R,2020-02-27,BBG00B5CBKJ6,1
137,FCHV3J-R,2021-01-28,BBG000GFD3R8,1
138,FCMH1Y-R,2020-11-18,BBG000BHYLP8,0
139,FCMSN7-R,2020-02-03,BBG000BJ7NF1,0
140,FDQM4Z-R,2021-01-28,BBG000DLD469,1
141,FFKCF9-R,2019-11-20,BBG005PTVFQ1,0
142,FGWDJN-R,2020-11-12,BBG000CHSN07,0
143,FGWVD2-R,2020-11-30,BBG000J2W794,0
144,FH0KGK-R,2020-02-06,BBG000GMHBH2,0
145,FH0TZT-R,2020-10-30,BBG000BRDFF3,0
146,FJK5DC-R,2020-11-12,BBG001QD4318,0
147,FL275K-R,2020-11-12,BBG005KLVW13,0
148,FL8FW7-R,2020-11-05,BBG000BJQTT2,0
149,FMDXJJ-R,2020-11-09,BBG000CTGXS2,0
150,FNJW6B-R,2020-02-06,BBG000D3ZFH8,0
151,FNKLL0-R,2020-11-27,BBG000C8D8G9,0
152,FNNVT2-R,2020-11-13,BBG000CN80Y9,0
153,FPSXNZ-R,2020-11-12,BBG000R7ZZX2,0
154,FPTJVK-R,2020-11-12,BBG000BT1715,1
155,FPVHPG-R,2021-01-28,BBG000BLKC01,1
156,FRN1RQ-R,2020-02-18,BBG001W55FM7,0
157,FRZ5Z3-R,2020-11-19,BBG000BL0P40,0
158,FS32CR-R,2020-12-01,BBG000BJ8YN7,1
159,FT3PPF-R,2020-11-12,BBG000C1PFY5,0
160,FT5NF8-R,2020-02-07,BBG000GJQQ22,0
161,FT7VMB-R,2020-11-27,BBG000BRNGM2,1
162,FT8DNV-R,2020-11-19,BBG000BP52R2,1
163,FV824M-R,2020-11-18,BBG000FDBX90,1
164,FV9XPC-R,2021-01-28,BBG000HPX6W0,1
165,FWHKKR-R,2020-11-09,BBG000CBMH27,1
166,FXM1B3-R,2020-11-19,BBG000C4Q6J5,0
167,FZX0PQ-R,2020-11-09,BBG000BHXPK5,0
168,G115RQ-R,2020-11-13,BBG000BB67F4,0
169,G21ZDK-R,2020-11-30,BBG000PYJY93,0
170,G35BYT-R,2020-11-09,BBG000H6K1B0,0
171,G3949H-R,2020-11-27,BBG000QH56C1,1
172,G49K2V-R,2020-11-17,BBG000DGPR66,0
173,G4GB6B-R,2020-11-24,BBG000BV4DR6,1
174,G5M19V-R,2021-01-28,BBG000BVP5P2,1
175,G6KS0R-R,2020-11-20,BBG000BMWV95,0
176,G6KZ1L-R,2020-10-28,BBG00GBNZ4M0,0
177,G6M2HZ-R,2020-11-13,BBG000D6MRB5,0
178,G8W8CV-R,2020-11-20,BBG000B9ZJN2,0
179,G900JC-R,2020-11-24,BBG000BGVC19,0
180,G92RX2-R,2020-11-30,BBG000RJ2J04,0
181,G9J2NY-R,2020-11-27,BBG006FCB019,0
182,GBGMN9-R,2020-12-29,BBG001D2TV80,0
183,GC9695-R,2020-11-12,BBG000BSXQV7,1
184,GFJGD5-R,2020-11-27,BBG000BQC9V2,1
185,GFJPVD-R,2020-11-27,BBG000CJSNX7,0
186,GFW3V9-R,2020-11-04,BBG001DCR685,0
187,GHRDWW-R,2020-11-09,BBG000FRNTH6,0
188,GHTN4Z-R,2020-09-01,BBG000CFFP28,0
189,GL3QQP-R,2020-11-23,BBG000BCSCB1,0
190,GM7SLL-R,2020-10-30,BBG000BB61F7,0
191,GMNVJW-R,2020-11-30,BBG000RQKCR4,0
192,GMRJ6Z-R,2020-02-03,BBG00B9C2J50,0
193,GPWHKD-R,2020-11-05,BBG001P717K5,0
194,GQGP3B-R,2020-11-05,BBG000BP0929,1
195,GQH1TP-R,2020-02-28,BBG000BQ4GG2,0
196,GQHWDG-R,2020-12-14,BBG000BST2P2,0
197,GQN0DG-R,2021-01-28,BBG000BXT422,0
198,GRNSJT-R,2020-11-12,BBG00H609HX2,0
199,GRRFYN-R,2020-11-06,BBG000BX3TD3,1
200,GRRSLZ-R,2020-11-06,BBG000BWQGX6,0
201,GRS126-R,2020-11-13,BBG000C1S4V0,0
202,GRSHZN-R,2020-11-27,BBG000BPBR63,0
203,GS3RJ8-R,2020-11-10,BBG000BY2Y78,1
204,GSWHTK-R,2020-11-25,BBG000HG21Y3,0
205,GSWXLY-R,2020-11-06,BBG000D8KTN6,0
206,GTWXR1-R,2020-11-27,BBG000CZ62D3,1
207,GTX249-R,2020-11-30,BBG000GDSKT7,0
208,GW4X2M-R,2020-10-30,BBG000JQJC22,0
209,GX4PTJ-R,2020-11-05,BBG000BMBGV6,0
210,GX5LJC-R,2020-11-12,BBG000BYYLS8,1
211,GX9WQD-R,2020-11-27,BBG000BK0KS7,0
212,GXCVG7-R,2021-01-28,BBG000M8S4W3,0
213,GYJ1QD-R,2021-01-28,BBG000QDT8Z5,1
214,GZF20K-R,2020-11-13,BBG000BM5SR2,1
215,GZFZSF-R,2020-11-13,BBG000CC53X1,0
216,H0P6P9-R,2020-11-09,BBG000D2ZTS8,1
217,H0PVXX-R,2020-11-25,BBG000BPX941,0
218,H0PWZY-R,2020-11-03,BBG000BJ6X42,0
219,H1PLJR-R,2020-10-29,BBG000BHKJQ7,0
220,H1W6C4-R,2020-11-12,BBG000TGPLG1,0
221,H1W6XP-R,2020-11-06,BBG00GSNPM07,0
222,H1YRLX-R,2020-12-17,BBG000RNBH63,0
223,H2VPCM-R,2020-11-17,BBG000BBGGQ1,1
224,H59VN3-R,2020-02-27,BBG000Q6DFZ1,1
225,H689TR-R,2020-10-30,BBG000H0X129,0
226,H7DGWR-R,2020-10-30,BBG000BKVJK4,1
227,H7HS5V-R,2020-11-30,BBG000BK1C95,0
228,H7K6Y6-R,2020-11-30,BBG000H35J52,0
229,H8PG48-R,2020-11-05,BBG000BT0093,0
230,H9S7KZ-R,2020-11-13,BBG000BLZD12,0
231,H9XNHM-R,2020-11-04,BBG000QG9SX8,0
232,HBSRPK-R,2020-11-09,BBG000C1DD28,0
233,HCKJJC-R,2020-11-27,BBG000NTPHW0,0
234,HF1P15-R,2020-11-30,BBG000BJ49H3,1
235,HF23WL-R,2020-11-30,BBG000C4Z6C2,0
236,HHB176-R,2020-11-20,BBG000CS0DM1,0
237,HHC265-R,2020-10-30,BBG000BKV9Y1,0
238,HHD5YV-R,2020-11-30,BBG000G7CDN9,0
239,HHGP2K-R,2020-11-13,BBG000C43744,0
240,HJXXH4-R,2020-11-25,BBG001KJ2HM9,1
241,HKMKNB-R,2020-11-13,BBG000BW7X97,0
242,HKRSQ9-R,2020-11-27,BBG000BS7ZF4,0
243,HLDF9W-R,2021-01-28,BBG004CDX4P7,0
244,HLRH83-R,2020-11-17,BBG000JKM045,0
245,HP13ZD-R,2020-11-12,BBG008NXC572,1
246,HP79S6-R,2021-01-19,BBG000PKBR05,0
247,HQ2MHF-R,2020-11-23,BBG00LNJRQ09,1
248,HSFL3C-R,2020-11-09,BBG000BRJ809,1
249,HSKDCY-R,2020-11-05,BBG000DZJVH0,0
250,HTJJW7-R,2020-11-02,BBG000BKQ254,0
251,HTKLX7-R,2020-11-17,BBG000BRGWN4,0
252,HVP7ZR-R,2020-11-12,BBG000KDLS30,0
253,HWH61N-R,2020-02-12,BBG002536QC6,0
254,HZ6Z7Q-R,2020-11-05,BBG000C0G1D1,1
255,HZDTJB-R,2021-01-22,BBG001CGD2R0,0
256,J06Y9S-R,2020-11-03,BBG000BWSGF4,0
257,J0FV3X-R,2020-02-27,BBG00HTVK2F9,0
258,J1FK12-R,2020-01-31,BBG000BB3CT1,0
259,J2MW73-R,2020-11-10,BBG000L4M7F1,1
260,J3M85M-R,2020-11-12,BBG000BQNM78,0
261,J70N5J-R,2020-12-17,BBG000BQVTF5,1
262,J71671-R,2020-11-09,BBG000BWMX63,0
263,J75D6Z-R,2020-11-10,BBG000BMLWX8,1
264,J994MP-R,2020-11-17,BBG000H8TVT2,1
265,J9NNLH-R,2020-11-13,BBG000MTDW24,0
266,JBFXW8-R,2020-11-10,BBG00DK7NM27,0
267,JBXH5G-R,2020-11-27,BBG00KDYT8C4,0
268,JCNM95-R,2020-10-30,BBG00GD1JMV4,0
269,JDDDQJ-R,2020-11-19,BBG009CL5J76,1
270,JDJR0M-R,2021-01-28,BBG00KKD5N44,0
271,JDVMBC-R,2021-01-28,BBG000C665J4,1
272,JFV8T4-R,2020-09-18,BBG000BS0N59,0
273,JFVSSM-R,2020-08-27,BBG000PV85T2,1
274,JFW6L0-R,2020-11-12,BBG000BSZ738,0
275,JH09HY-R,2021-01-08,BBG000BBVVP2,0
276,JJ3Q47-R,2020-12-11,BBG000BDRR63,1
277,JJ81D9-R,2020-11-20,BBG000BRVP70,1
278,JJ8SV0-R,2020-11-09,BBG000BMWKC5,0
279,JKDM7P-R,2020-10-01,BBG000BMFFQ0,1
280,JLJHSF-R,2020-10-29,BBG000BC58D3,0
281,JM9MDP-R,2021-01-28,BBG00CWWQGZ5,0
282,JMK1Z1-R,2020-11-09,BBG000BRR481,0
283,JMMVP1-R,2020-11-27,BBG00QDWSVK6,0
284,JQXKJC-R,2020-11-06,BBG00Q8J72J0,0
285,JR251F-R,2020-02-06,BBG000NMJFC8,0
286,JR60D1-R,2020-11-05,BBG000Q8QBC7,0
287,JRFYNM-R,2020-11-17,BBG001DCCGR8,1
288,JS2P50-R,2021-01-14,BBG000BSR5N9,1
289,JS2Q71-R,2020-09-04,BBG000BRTL90,0
290,JT6JMQ-R,2020-10-30,BBG000FC4FJ8,0
291,JT71M6-R,2020-11-04,BBG000C060M4,1
292,JT792F-R,2020-11-20,BBG000C0QCK8,1
293,JT8RWT-R,2021-01-28,BBG000GLMHS3,0
294,JTCRLM-R,2021-01-28,BBG000C0FZY4,0
295,JTJF0J-R,2020-11-12,BBG000TGZHS6,0
296,JWFM05-R,2020-11-20,BBG0046LJYT2,0
297,JWMV8D-R,2020-11-05,BBG000CND7W0,0
298,JXLR9G-R,2021-01-21,BBG000DJYTQ4,0
299,JXQLN2-R,2020-11-06,BBG000JQ42W7,0
300,JZWLDY-R,2020-11-30,BBG000C2H3F0,0
301,K14T6R-R,2020-11-27,BBG000BLK267,0
302,K24537-R,2020-11-12,BBG000BKFZM4,1
303,K36637-R,2020-11-09,BBG000BH3F20,0
304,K4FF03-R,2020-02-28,BBG000BR0NQ8,0
305,K6NZPD-R,2020-11-06,BBG000BWW509,0
306,K6PJQX-R,2020-11-09,BBG000MMCGW2,0
307,K6TS68-R,2020-11-13,BBG00QVJVYB5,0
308,K6VK9M-R,2020-11-10,BBG000D5BNR1,0
309,K6XCSB-R,2020-11-05,BBG000HVWVP1,0
310,K7YFYF-R,2020-01-31,BBG000PR2ZP5,0
311,K8ZL7L-R,2020-11-09,BBG000BJYZD6,0
312,K916G7-R,2020-11-05,BBG000Q0BPZ4,0
313,KB3682-R,2020-11-19,BBG000BKYVF0,0
314,KB3SCM-R,2020-11-27,BBG000BT5PG5,0
315,KB3YPS-R,2020-11-25,BBG000BJSBJ0,1
316,KC6VBL-R,2021-01-28,BBG000BC9DK0,0
317,KC6WDM-R,2020-11-30,BBG000C1BW00,1
318,KCDZJV-R,2020-12-11,BBG00JM2HN46,0
319,KDC2JN-R,2020-11-19,BBG00K6988R4,1
320,KDCD3Y-R,2020-11-05,BBG000BQ5DS5,1
321,KDHCQP-R,2020-11-20,BBG000BH2JM1,1
322,KDJGTQ-R,2021-01-28,BBG000G1JDF4,0
323,KFHRL4-R,2020-11-09,BBG000BQ5GY1,0
324,KFMMZS-R,2020-11-27,BBG000FKJRC5,1
325,KGN65D-R,2020-11-12,BBG000BBH3V3,0
326,KGN9CH-R,2020-11-03,BBG000F13373,0
327,KGT6R3-R,2020-11-09,BBG000BB0WY4,0
328,KHRZJ1-R,2020-11-12,BBG000D61MB9,0
329,KHT2M2-R,2020-12-11,BBG000BPBVW5,0
330,KHY18X-R,2020-11-30,BBG000C4V9L0,0
331,KK1GV3-R,2020-08-06,BBG000CHPMY5,0
332,KLCSS0-R,2021-01-15,BBG001LV74X3,0
333,KM5Q58-R,2020-11-12,BBG000BSLZY7,1
334,KM7YFC-R,2020-10-30,BBG000QT29D1,0
335,KM84B2-R,2020-02-05,BBG00R02H8D5,0
336,KMBSW1-R,2020-11-03,BBG000BKV445,0
337,KNGXW0-R,2020-11-02,BBG000F61H73,0
338,KPFMHW-R,2020-11-12,BBG000L9CV04,1
339,KPG3FB-R,2020-10-30,BBG000CJXHL7,0
340,KPGRNY-R,2020-11-27,BBG000BDGHL0,0
341,KPM764-R,2020-09-16,BBG000MZ6CM0,0
342,KQ5JBJ-R,2020-11-05,BBG003981NS4,0
343,KQQHK9-R,2020-11-20,BBG000BCPFB7,0
344,KRVRTD-R,2020-11-04,BBG000BX1C88,0
345,KSWML9-R,2020-11-20,BBG000BL9JQ1,1
346,KV0J41-R,2020-11-23,BBG000BMHYD1,1
347,KXCJCK-R,2021-01-28,BBG000QTCPR9,0
348,KYF7S8-R,2020-11-05,BBG000BNCR58,0
349,KZJPGL-R,2020-11-04,BBG000BJGGV8,0
350,L0NDP5-R,2020-11-24,BBG000DPZC04,1
351,L0V3KJ-R,2020-10-30,BBG000BDPPR6,0
352,L1TLQ4-R,2020-11-19,BBG000BWXJT7,0
353,L2LQRT-R,2020-11-13,BBG001M6CZY1,0
354,L4226B-R,2020-11-25,BBG000CYKKX8,0
355,L43CTP-R,2020-10-29,BBG000RGW5V3,0
356,L4PC3K-R,2020-11-13,BBG001R72SR9,0
357,L6BT3Q-R,2020-11-06,BBG000BL9C59,1
358,L6GXZL-R,2020-11-19,BBG000C0ZW33,0
359,L6J5BR-R,2020-11-12,BBG000BFK8Y6,0
360,L6LZQD-R,2020-02-06,BBG000QMH637,0
361,L7H2CT-R,2020-11-27,BBG000BG4LG3,0
362,L7NHQX-R,2020-11-13,BBG000H3GDJ8,0
363,L9WD3K-R,2021-01-28,BBG000BXMGB2,0
364,LC1BTF-R,2020-11-12,BBG000PSKYX7,1
365,LD0WYZ-R,2020-11-06,BBG000BGKTF9,1
366,LDS05T-R,2020-10-30,BBG000J187K0,0
367,LF4WPT-R,2020-11-13,BBG000BJNGN9,1
368,LF95DC-R,2021-01-28,BBG00DRGKLZ9,0
369,LHKN8Z-R,2020-11-27,BBG000BQ2C28,1
370,LJPXK2-R,2021-01-21,BBG000C0BT45,1
371,LKV3P3-R,2020-11-19,BBG000BPW2W6,0
372,LKVX5V-R,2021-01-28,BBG000D17GK7,1
373,LLZLBD-R,2020-11-10,BBG000HLXBR4,0
374,LM7NQZ-R,2020-11-06,BBG000NTGLW1,0
375,LMZPNL-R,2020-11-09,BBG000C1TZL1,0
376,LRHQLX-R,2020-11-20,BBG000BH6360,1
377,LTP0Z2-R,2020-11-27,BBG000BGJRC8,1
378,LTSW9P-R,2020-11-05,BBG000BCWWV0,0
379,LWXGD7-R,2020-11-18,BBG000BZCN41,0
380,LX2PC4-R,2020-11-23,BBG000C2DWX0,0
381,LXC51M-R,2020-11-27,BBG00JRH1P95,0
382,LY5XN8-R,2020-11-18,BBG000BHN9B2,0
383,LYKD1K-R,2021-01-28,BBG00KK2W1T9,0
384,M0GMHM-R,2020-11-27,BBG000BBNKF6,0
385,M0H6M5-R,2020-11-18,BBG000BBPFB9,1
386,M1FW60-R,2020-11-27,BBG000BW3299,1
387,M1G5S9-R,2020-11-12,BBG000BF55Z8,0
388,M2XGTG-R,2021-01-28,BBG00QV3CHC7,0
389,M3QDQ6-R,2021-01-28,BBG000BGHJ83,1
390,M3RDM4-R,2020-11-18,BBG000BBXDK5,0
391,M3W1KK-R,2020-11-05,BBG000BWQTD0,0
392,M5BNQJ-R,2021-01-28,BBG003MS9X87,0
393,M79JSM-R,2020-11-27,BBG000TVZH85,0
394,M813QP-R,2021-01-28,BBG002Q8RXQ9,0
395,MDYC2K-R,2020-11-20,BBG000F86GP6,1
396,MFZ7XH-R,2020-11-26,BBG000BXYW97,1
397,MH33D6-R,2020-11-06,BBG000B9XRY4,1
398,MJCGG4-R,2020-11-19,BBG000BLHRS2,1
399,MKC1SV-R,2020-11-12,BBG000BW8S60,1
400,MKH5NQ-R,2020-11-12,BBG000BSHXP7,0
401,MKJ8WW-R,2020-11-12,BBG000RTDY25,1
402,MN5CL1-R,2020-11-19,BBG00V1L5YZ5,0
403,MNWCSY-R,2020-02-14,BBG0036FB0H2,0
404,MQ0Y3T-R,2020-11-16,BBG000BWGYF8,1
405,MQ119X-R,2020-11-18,BBG000BB6WG8,1
406,MR6WVR-R,2020-10-30,BBG00QVC2S07,0
407,MS5M9D-R,2020-10-30,BBG000J79P80,0
408,MS624T-R,2020-01-30,BBG000CDDDH6,0
409,MS9DHY-R,2020-11-05,BBG000DR5QP5,1
410,MSJFYK-R,2020-11-30,BBG000ND1SB0,0
411,MWNNBS-R,2020-11-09,BBG000JBC9M7,0
412,MXQXY4-R,2020-11-09,BBG000BD3F92,0
413,MY3SK8-R,2020-11-13,BBG000R2YFG7,0
414,MYTYPY-R,2020-11-27,BBG000JCZJS2,0
415,MYTZRZ-R,2021-01-20,BBG000BGCCC8,0
416,MYY724-R,2021-01-05,BBG000M1LNP1,0
417,MYYY9P-R,2021-01-28,BBG000PN5CZ1,0
418,MZZB54-R,2020-11-19,BBG000BRW4P6,0
419,N136PW-R,2021-01-28,BBG000NVLH13,0
420,N17TH6-R,2020-11-17,BBG000BYTHG6,1
421,N22ND2-R,2020-11-06,BBG00DM434G9,0
422,N286BN-R,2020-10-30,BBG000BJJ834,1
423,N2VGP9-R,2020-11-30,BBG0064N2T78,0
424,N2YFG6-R,2020-11-12,BBG000QK3NY5,0
425,N3CXK7-R,2020-12-17,BBG000BPWGR1,0
426,N3JVZW-R,2020-11-12,BBG000BFFCK8,0
427,N5NLBK-R,2020-12-22,BBG000F006R9,0
428,N723VX-R,2020-02-07,BBG00729LTJ5,0
429,N7Y770-R,2020-02-03,BBG0036D62Z9,0
430,N7YFL5-R,2020-11-16,BBG000BDLCQ0,0
431,NB5RP3-R,2020-11-27,BBG000BXSFH2,1
432,NB7018-R,2020-11-30,BBG000BQVV88,0
433,NB8VL0-R,2020-11-17,BBG000G3RXX7,0
434,NBCB9B-R,2020-11-19,BBG000CC0V00,0
435,NBCMWM-R,2020-11-09,BBG000BFBH12,0
436,NCJXRB-R,2020-11-23,BBG00HFMM0W7,0
437,NCQZSH-R,2020-11-19,BBG000G2ZK31,0
438,NDG617-R,2020-11-25,BBG003D8Y833,0
439,NDN5DT-R,2020-11-12,BBG000BFNR17,1
440,NDQ0YK-R,2020-10-28,BBG000F3WJ90,0
441,NFMH78-R,2020-11-06,BBG00GBVBK51,1
442,NFS30L-R,2020-02-21,BBG000B9WM03,0
443,NGR5CT-R,2020-11-13,BBG000DZK6N6,0
444,NGWJPX-R,2020-11-12,BBG000BGDQZ1,0
445,NHV4Q7-R,2020-11-12,BBG00BN969C1,1
446,NHX86P-R,2021-01-28,BBG000BQV317,0
447,NJTCZ6-R,2021-01-28,BBG003BW0JD4,0
448,NK0V54-R,2020-11-12,BBG000C7P7N2,1
449,NK5PDP-R,2020-11-27,BBG000BWQLY4,0
450,NNMSP6-R,2020-11-12,BBG000Q1KFH4,0
451,NPJW7K-R,2020-11-02,BBG000BB6KF5,1
452,NPQGXT-R,2020-12-03,BBG000BKT8B1,0
453,NQTR8Z-R,2020-11-12,BBG000BNHSP9,1
454,NQVLXS-R,2020-11-30,BBG000BB34W5,0
455,NRZMQN-R,2020-11-09,BBG000BHWFN5,0
456,NRZZCZ-R,2020-11-13,BBG000M4M6Q0,0
457,NT2TYR-R,2020-11-30,BBG000BL0T06,0
458,NT38T5-R,2020-11-18,BBG000BBDV81,1
459,NV3W1T-R,2021-01-22,BBG000FBJQM6,0
460,NV7CR3-R,2020-11-10,BBG000F4P4Z0,0
461,NW8T75-R,2021-01-28,BBG006S1YW78,0
462,NWD5NB-R,2020-11-30,BBG006KZRKT1,0
463,P01GQN-R,2020-12-30,BBG004DDDKH1,0
464,P0V324-R,2021-01-28,BBG000Q3RGN4,0
465,P1P032-R,2020-11-25,BBG00BLVZ228,1
466,P1X303-R,2020-11-02,BBG000MVZH28,0
467,P1XBGB-R,2020-11-05,BBG000BS5205,0
468,P224MV-R,2008-08-27,BBG000PXGT62,0
469,P31C86-R,2020-11-06,BBG000BG1811,0
470,P31DB7-R,2020-11-30,BBG000G0Z878,1
471,P34VYH-R,2020-11-25,BBG000BP30Y0,0
472,P4BZRB-R,2020-11-16,BBG000C4K3D4,0
473,P60NTB-R,2020-02-13,BBG008B5CF29,0
474,P7L1L7-R,2020-11-17,BBG000BTDHV7,0
475,P8R3C2-R,2020-11-18,BBG000BPH459,1
476,P8RCWB-R,2020-11-12,BBG000BS3PL3,0
477,P8RJ4G-R,2020-11-06,BBG000GYLFT9,0
478,P8VHV8-R,2020-11-02,BBG000BFG684,0
479,PC58QM-R,2020-11-10,BBG000HD3DW5,0
480,PHP2BT-R,2021-01-22,BBG000BS6M19,1
481,PHQ4CT-R,2021-01-28,BBG000LHD7R9,1
482,PHVQMM-R,2020-02-03,BBG00793T0Q8,0
483,PJNB5B-R,2020-11-18,BBG000QBR5J5,1
484,PJPRSK-R,2020-11-30,BBG000BGKXV2,1
485,PKSJ68-R,2020-02-06,BBG00358K8S0,0
486,PM2MNW-R,2020-12-14,BBG000BKGXQ4,0
487,PM2QVZ-R,2020-11-30,BBG000D5S4M0,0
488,PN2GGT-R,2020-08-14,BBG000BQGHT3,0
489,PN37ZK-R,2020-11-23,BBG000BHPL78,1
490,PN66MB-R,2020-11-30,BBG000LV0836,0
491,PP6W01-R,2020-11-23,BBG000G6Q4C8,0
492,PPFFNB-R,2020-11-05,BBG000BMSC38,0
493,PRGQ6L-R,2020-11-24,BBG000BP1Q11,1
494,PRN7RS-R,2020-11-30,BBG000BB88K4,0
495,PTR5LQ-R,2020-11-12,BBG000BHTTC1,0
496,PTRY1F-R,2020-11-27,BBG000BZX1N5,1
497,PVW48J-R,2020-11-30,BBG000C90DH9,1
498,PX63DZ-R,2020-11-24,BBG000LS68P3,1
499,PX8K28-R,2021-01-28,BBG000PHQ3V5,0
500,PY63P6-R,2020-11-27,BBG0015YTF57,0
501,PZF9CX-R,2020-12-04,BBG000BGZP70,0
502,PZGDGY-R,2020-11-17,BBG000BHWVB3,0
503,PZXZT4-R,2020-11-06,BBG000QK7PK1,0
504,Q2PKN2-R,2020-02-03,BBG000MJVCL9,0
505,Q3W004-R,2020-11-04,BBG000CKB2S4,0
506,Q51DTP-R,2020-11-06,BBG008D48F70,0
507,Q68CVY-R,2020-10-30,BBG000DD3KP1,0
508,Q77F54-R,2020-11-30,BBG000BKPZC4,0
509,Q7CHYZ-R,2020-12-02,BBG000BCNF74,0
510,Q8CPF7-R,2021-01-28,BBG000BFFW79,0
511,Q8HTYR-R,2020-11-19,BBG0069J9WB3,0
512,Q9G7JV-R,2021-01-28,BBG00384XTD2,0
513,QBNXD6-R,2020-11-09,BBG000TW5Y34,0
514,QBSNDL-R,2020-03-20,BBG000CMYG04,0
515,QCVXVT-R,2020-10-30,BBG000QK39V9,0
516,QD02XV-R,2021-01-28,BBG000M1K955,0
517,QF1ZJL-R,2020-12-23,BBG000BXHQM4,0
518,QG1HR7-R,2020-11-10,BBG000GZQ728,1
519,QGNSPH-R,2021-01-28,BBG0046J5J60,0
520,QH2H8S-R,2020-04-23,BBG000BQDF10,0
521,QH6F7Y-R,2021-01-21,BBG000M2NYQ2,0
522,QJHCKK-R,2020-02-27,BBG000B9Y8D8,0
523,QMQV1Q-R,2020-11-17,BBG000C8H633,1
524,QMVRJD-R,2020-11-12,BBG000BSM3F8,0
525,QMX32N-R,2020-11-13,BBG000CYW7N5,0
526,QNVNGD-R,2020-12-10,BBG00D1WNBL6,0
527,QNVZ1P-R,2020-11-25,BBG000BHV3W3,0
528,QP3LLV-R,2020-10-26,BBG000JYP7L8,1
529,QR4GHV-R,2020-11-04,BBG000BG8NP5,0
530,QR8VWZ-R,2021-01-28,BBG000CXNF22,0
531,QR97MB-R,2020-11-06,BBG000BN5MG5,0
532,QRYBGQ-R,2020-11-02,BBG00K53L394,0
533,QSF452-R,2020-08-21,BBG000JF2G52,0
534,QSLJL8-R,2020-11-12,BBG000K8K0L3,0
535,QT3C4H-R,2021-01-28,BBG009CQCCH1,0
536,QVJQ7M-R,2020-11-25,BBG000BP46T2,0
537,QVP8YX-R,2020-11-10,BBG000BBK401,0
538,QXYJYV-R,2021-01-08,BBG000BB7F65,0
539,QXZCJM-R,2020-12-30,BBG000BRZKC1,0
540,QYX5GN-R,2020-11-05,BBG002Q8NXP4,0
541,QZ2LTR-R,2020-11-12,BBG000C0B093,0
542,R16YC0-R,2020-11-09,BBG000BNBGF2,0
543,R2J99W-R,2020-11-12,BBG000BMY992,1
544,R4M2WP-R,2020-11-13,BBG000BBCDZ2,1
545,R4S089-R,2021-01-28,BBG000DH4YM4,1
546,R582JZ-R,2020-10-09,BBG00LFV6BR8,0
547,R5R5YR-R,2021-01-14,BBG000PN8SH3,0
548,R6WRP0-R,2020-04-16,BBG000BP3016,0
549,R6YV8L-R,2020-01-31,BBG006F8Q8B4,0
550,R85V3M-R,2020-11-24,BBG000D7FT63,0
551,R863MW-R,2020-11-30,BBG000CYN4J7,0
552,R95W9R-R,2020-10-14,BBG000C3FGH9,1
553,R967MQ-R,2020-11-06,BBG001V9VY04,0
554,R9B9RX-R,2020-11-06,BBG000C6QPN3,0
555,RBHHTX-R,2021-01-28,BBG0039G71V4,1
556,RC9616-R,2021-01-28,BBG00582TDZ7,1
557,RCG25M-R,2020-11-12,BBG000BPGQ60,0
558,RCNCKX-R,2020-11-19,BBG00RP60KV0,1
559,RFPMVX-R,2020-11-12,BBG000BWP7D9,1
560,RGM8LX-R,2020-10-29,BBG00MRDFJ50,0
561,RHVDR3-R,2020-11-30,BBG00NK8H8T2,0
562,RJ3T7G-R,2020-11-09,BBG000DNB9Q4,0
563,RJMXG2-R,2020-11-23,BBG000F02T51,0
564,RK34QK-R,2020-11-09,BBG00CW88W83,0
565,RK3HS8-R,2020-11-05,BBG000J1QLT0,1
566,RK8Z6D-R,2020-11-10,BBG000C1FQS9,1
567,RKZJ9M-R,2020-11-19,BBG000H8R0N8,0
568,RLHWHZ-R,2021-01-08,BBG000J0LC17,0
569,RMFR2L-R,2020-03-23,BBG00DL8NMV2,1
570,RPMZQ3-R,2020-11-02,BBG000BTH4T5,0
571,RPTNJF-R,2020-11-09,BBG000BH7CW0,0
572,RSQN90-R,2020-11-04,BBG001D8R5D0,1
573,RTGJYH-R,2020-11-19,BBG000R1YXQ9,0
574,RTXD8D-R,2020-11-24,BBG001P63B80,1
575,RV8LLW-R,2020-11-09,BBG000BCD4H9,0
576,RVBRQX-R,2021-01-28,BBG000KN5J90,1
577,RWCD1L-R,2020-11-05,BBG000C48437,0
578,RXH4B6-R,2021-01-28,BBG000BDTV08,1
579,RXHCSF-R,2020-11-20,BBG000BVMG26,0
580,RYRC40-R,2020-10-29,BBG000BPZBB6,1
581,RYTLD3-R,2021-01-21,BBG000C32KN7,0
582,RYVQ5T-R,2020-11-06,BBG00443P5G4,0
583,RZL265-R,2020-02-14,BBG000THJNJ9,0
584,RZW9ST-R,2020-11-16,BBG000FCF697,0
585,S0C9XD-R,2020-11-13,BBG008G2P3M2,0
586,S2111F-R,2020-11-18,BBG000BGFGT8,0
587,S24QRK-R,2020-11-12,BBG00FY94WC1,0
588,S425MV-R,2020-11-27,BBG005CHGKM1,0
589,S49F9H-R,2020-11-12,BBG000BFYGX4,0
590,S4DXZS-R,2020-11-06,BBG000BT1ZY7,0
591,S4J8BX-R,2020-11-09,BBG000BJBZ23,1
592,S5G3BZ-R,2020-11-27,BBG000BTT3D1,0
593,S5L2YQ-R,2020-11-06,BBG000J06DW8,0
594,S6PC9W-R,2021-01-14,BBG000BDP1P1,1
595,S6Q5WN-R,2020-11-16,BBG000JZ85H3,0
596,S7PDJ0-R,2020-11-30,BBG000CJN801,0
597,S7Q76X-R,2021-01-28,BBG000C0GL92,0
598,S7VLK0-R,2020-02-24,BBG000N08GQ1,0
599,S8YXX3-R,2020-11-13,BBG000CFZ003,0
600,S8ZPBT-R,2020-08-19,BBG000BV8DN6,1
601,SD0F4T-R,2021-01-14,BBG004RXCMJ7,1
602,SD29B5-R,2020-11-27,BBG003DNHV56,0
603,SDD54F-R,2020-11-04,BBG006JNW321,0
604,SDDH43-R,2020-11-18,BBG000BWLMJ4,1
605,SDKY5W-R,2021-01-28,BBG00L07HDN5,0
606,SGL0DZ-R,2020-11-13,BBG005DLS9N2,0
607,SGNMXY-R,2020-10-22,BBG000BGD220,0
608,SHMHWZ-R,2020-11-13,BBG000DCCZW2,0
609,SHNVG7-R,2020-11-23,BBG000HCJMF9,1
610,SHRZF5-R,2020-11-13,BBG000BFJT36,1
611,SJBSYF-R,2020-11-27,BBG00LT2PDY4,0
612,SJSMSW-R,2021-01-21,BBG000BCB3K9,1
613,SJY281-R,2020-11-09,BBG000BLNNH6,1
614,SKZRLQ-R,2020-11-06,BBG000G3QLY3,1
615,SLG208-R,2021-01-04,BBG000QYBB54,0
616,SM1NBL-R,2020-11-13,BBG000C19QW1,0
617,SPGL7X-R,2020-11-23,BBG00MRHG523,1
618,SQ7BQC-R,2020-11-30,BBG001KY4N87,0
619,SQFMK3-R,2020-11-27,BBG000BDJL83,0
620,SQFX2C-R,2020-11-12,BBG000BQGRG5,0
621,SQLQ7W-R,2020-08-07,BBG000BM1YX6,0
622,SQM0V5-R,2020-11-13,BBG000BR8QF5,0
623,SRQ849-R,2020-11-27,BBG000BNN8V9,0
624,SRQB8C-R,2020-11-03,BBG000GHLDQ4,0
625,SSKDHB-R,2020-11-03,BBG0088BL014,0
626,SSVTZP-R,2020-11-30,BBG000P4BDT1,0
627,SV5YJD-R,2020-05-14,BBG001CYZQT2,0
628,SX4VKF-R,2020-11-30,BBG000C668L5,0
629,SX8YC8-R,2020-12-02,BBG000DP2881,0
630,SYKZRW-R,2021-01-28,BBG003LB3TH0,0
631,SYPDRK-R,2020-11-10,BBG000H20336,0
632,SZDB1M-R,2020-11-05,BBG000BSPWD3,0
633,SZJK3L-R,2020-11-19,BBG001QG2N64,1
634,T0K4HC-R,2020-11-06,BBG000J31X35,0
635,T1N9NF-R,2020-11-19,BBG000RGM5P1,1
636,T1NFSF-R,2020-11-09,BBG000BKB811,0
637,T2TKPB-R,2021-01-21,BBG000BQYCB3,1
638,T2ZH1Y-R,2020-11-12,BBG000D6L294,1
639,T3YH93-R,2020-11-10,BBG000BKYDP9,1
640,T6655H-R,2020-11-25,BBG000C6KB14,0
641,T72QXJ-R,2020-07-31,BBG005D0NN61,0
642,T7CC6G-R,2020-11-30,BBG000C4QP94,0
643,T7H7M3-R,2020-12-18,BBG000GMKH30,0
644,T8HLDJ-R,2020-11-06,BBG000BGFBS0,0
645,T8Q3VN-R,2020-11-13,BBG000BCQ6J8,0
646,T9V6SL-R,2020-11-04,BBG000M2RGF9,0
647,TCL80G-R,2020-11-30,BBG000QCCGH7,0
648,TCX5SM-R,2021-01-28,BBG000BM1Q09,1
649,TF5XQ1-R,2020-02-10,BBG000TS4FG1,0
650,TF61V1-R,2020-11-30,BBG000BJGW43,0
651,TG5M3Q-R,2020-11-12,BBG000JF5K69,0
652,TH8TBT-R,2020-11-18,BBG000GSFXM7,0
653,TJN9X6-R,2020-12-14,BBG001DFW799,0
654,TKKMD8-R,2020-11-09,BBG000KLDTJ2,0
655,TKSJKR-R,2021-01-28,BBG000GN4ZY2,1
656,TMKFXX-R,2020-11-12,BBG000TGXB29,0
657,TMVLRW-R,2020-11-16,BBG000BGGBT8,0
658,TP420X-R,2021-01-28,BBG000BYCJJ7,1
659,TQ3282-R,2020-11-27,BBG000CXN8D6,0
660,TQ33B3-R,2021-01-28,BBG000BZH3D0,1
661,TR8891-R,2020-02-27,BBG000C40QG2,1
662,TRD8YT-R,2020-11-10,BBG000BPDXF8,0
663,TRDSY9-R,2020-11-13,BBG000BC8SH2,1
664,TRGCYS-R,2020-11-24,BBG000K1XFJ4,0
665,TSK02B-R,2020-11-30,BBG000BD8VT0,0
666,TTDQ0D-R,2020-11-16,BBG00286S4N9,1
667,TTHNN5-R,2020-11-12,BBG000P23KW4,0
668,TTJ2FK-R,2020-11-09,BBG000BMH768,0
669,TTNZT5-R,2020-11-05,BBG000BVXPZ8,0
670,TVTFDF-R,2020-12-03,BBG000BCVJ77,1
671,TVTKNK-R,2020-11-09,BBG000BFWF13,0
672,TWTDGH-R,2020-11-10,BBG000CTQBF3,1
673,TWTFJJ-R,2020-11-23,BBG000BCWSS3,1
674,TWXW2R-R,2020-10-16,BBG000BQQH30,1
675,TWY7T3-R,2020-11-03,BBG000CWSXR3,0
676,TX0WZQ-R,2020-11-13,BBG000BDSCP4,1
677,TXXC7C-R,2020-11-13,BBG000BFYB47,1
678,TXXFCF-R,2020-11-02,BBG000BDM8N1,0
679,TY1RMH-R,2020-10-26,BBG000BGCQT9,0
680,TYSRJ3-R,2021-01-28,BBG004P8YQ01,1
681,TZ57CV-R,2020-10-23,BBG000BMSWV3,0
682,TZ6LMS-R,2020-12-21,BBG000G2ZJ98,0
683,V05QFD-R,2019-11-27,BBG000BKQP53,0
684,V05ZYN-R,2020-02-04,BBG000D380M5,0
685,V0J8PF-R,2020-11-05,BBG001LWJDL1,0
686,V19XKF-R,2020-12-07,BBG000BBJ8C1,0
687,V1B2WL-R,2020-08-07,BBG000BJK547,0
688,V1H8SG-R,2020-11-04,BBG000BMM8S6,0
689,V2KMCR-R,2020-11-23,BBG000DGLTG5,0
690,V2MQCQ-R,2020-08-14,BBG000BVW716,0
691,V3ML7P-R,2020-11-13,BBG00FWP4JW4,0
692,V5VVBP-R,2020-10-29,BBG000DXHBN4,0
693,V5WMVF-R,2020-11-19,BBG000BHCP19,1
694,V60F1Z-R,2020-11-27,BBG000BYZ0Q5,0
695,V60VXD-R,2021-01-28,BBG000BBW9W2,1
696,V6ZQWF-R,2020-11-30,BBG000BGYMH7,1
697,V75BKP-R,2020-11-27,BBG000BHB3M6,1
698,V888Y5-R,2021-01-28,BBG002PV93G6,0
699,V9977J-R,2020-11-17,BBG000MBDGM6,1
700,VBK29Z-R,2020-11-24,BBG000C45984,1
701,VCNXSP-R,2020-11-24,BBG000BH3GZ2,1
702,VDP7J2-R,2020-11-19,BBG000BBWFN8,0
703,VDT85V-R,2020-11-05,BBG000BR3KL6,1
704,VFT0VQ-R,2020-11-30,BBG000BDDNH5,1
705,VG2026-R,2020-12-04,BBG000LGP1K8,0
706,VHXWMP-R,2020-11-06,BBG005497GZ3,0
707,VLH7Z4-R,2020-11-06,BBG000BH0106,0
708,VLJ7QY-R,2020-11-30,BBG000BBFT75,0
709,VMM6HT-R,2021-01-28,BBG000HP1PC5,0
710,VNMTTH-R,2020-12-04,BBG000C5HS04,1
711,VNN3BR-R,2021-01-28,BBG000CK8Q69,1
712,VQXNXZ-R,2020-11-12,BBG000BRMJN6,0
713,VQXR21-R,2020-11-27,BBG00BN961G4,1
714,VQYTRP-R,2020-10-30,BBG00658F3P3,1
715,VS0RYZ-R,2020-11-30,BBG000JNWST0,0
716,VS5NDP-R,2021-01-28,BBG000TJ8XZ7,0
717,VSC82Y-R,2020-11-19,BBG001LRKS55,0
718,VT5DYF-R,2020-12-08,BBG000FB1VT7,0
719,VT6261-R,2020-10-30,BBG000BRD351,0
720,VT67J6-R,2020-11-24,BBG000G0LND3,1
721,VTBLV9-R,2020-11-30,BBG000BNSZP1,1
722,VVBBG4-R,2020-11-12,BBG000BHZ4J2,0
723,VVKNF0-R,2020-11-05,BBG000Q92C66,0
724,VWF970-R,2020-11-05,BBG000BWQFY7,1
725,VX8BCY-R,2020-11-04,BBG00PF4SXH8,0
726,VXKKH3-R,2020-11-13,BBG000C15114,0
727,VZZMNK-R,2020-11-12,BBG000BKN0V2,0
728,W0Z2R4-R,2020-10-14,BBG000BJZ7V7,0
729,W14LCF-R,2020-12-15,BBG000BV7QM9,0
730,W14TPJ-R,2020-11-13,BBG00CFXJ735,0
731,W17W51-R,2020-11-13,BBG00HWHP8Q6,0
732,W2867S-R,2020-11-19,BBG000M814N2,0
733,W2BFHW-R,2020-10-08,BBG000JJR613,0
734,W38L37-R,2020-11-04,BBG000C2D195,0
735,W3F6YL-R,2021-01-14,BBG000BTJ2T7,1
736,W5NBSG-R,2020-11-12,BBG000BNF508,1
737,W6SBJ9-R,2020-11-12,BBG000BKS4S3,0
738,W6SXMV-R,2020-11-30,BBG000C43RR5,1
739,W6TS8N-R,2020-11-13,BBG000FJS1S8,0
740,W6VZ29-R,2020-11-09,BBG00FQH6BS9,0
741,W7TCMC-R,2020-11-12,BBG000MZYM65,0
742,W7XS3K-R,2020-11-30,BBG000BSS5C0,0
743,W7YC73-R,2020-11-27,BBG000BP3PW7,0
744,W800CN-R,2020-11-26,BBG000Q32RJ2,1
745,W8YQ0J-R,2020-11-25,BBG000BDGHD9,0
746,W8YRN3-R,2020-11-05,BBG003CVMLQ2,1
747,W9X9MG-R,2020-02-03,BBG001Y7R8L4,0
748,WC5QN9-R,2020-12-30,BBG000K91B10,0
749,WCBS91-R,2020-11-09,BBG000BSHH72,0
750,WDG05S-R,2020-10-27,BBG006Q0HY77,1
751,WDHHDK-R,2020-11-25,BBG000BF3WW4,0
752,WFKC6J-R,2020-11-19,BBG000T8ZF80,0
753,WFM5K3-R,2021-01-28,BBG000K0VQL1,0
754,WG7T4P-R,2020-11-27,BBG000BCWKD6,0
755,WGLQTS-R,2020-11-12,BBG000H556T9,1
756,WGMKDK-R,2020-11-30,BBG000BCFQC3,0
757,WGRTJK-R,2020-11-09,BBG000BTT5B8,0
758,WGT76W-R,2020-11-12,BBG000Q4FJD0,0
759,WL1C5V-R,2021-01-28,BBG000DSZHQ9,1
760,WL5DXN-R,2020-11-12,BBG000F4RZ43,0
761,WM5MFY-R,2020-11-13,BBG000BT68C6,0
762,WM8ZW3-R,2021-01-28,BBG000NV1YC6,1
763,WNFCB9-R,2020-11-30,BBG000BJ2LY9,0
764,WPFS7S-R,2020-11-17,BBG000K4ND22,1
765,WPL09R-R,2020-11-27,BBG000C2PL98,0
766,WQP8NX-R,2020-10-30,BBG000CR20B1,0
767,WRVHRX-R,2020-11-09,BBG000BSBBP1,1
768,WV5L8L-R,2020-01-31,BBG002Z9XD93,0
769,WW3NPV-R,2020-11-05,BBG000C1XKF6,0
770,WXCR8K-R,2020-11-30,BBG000BDS374,0
771,WYM8VT-R,2020-02-14,BBG000QM53N5,0
772,WZG892-R,2020-11-18,BBG002CV5W70,0
773,WZMNL4-R,2020-11-19,BBG000C34488,0
774,WZVR2S-R,2020-11-10,BBG000RWH1V4,0
775,X0N4MP-R,2020-11-17,BBG000BHLYS1,1
776,X1SL6Y-R,2020-11-19,BBG000DCV3T6,0
777,X1X2X7-R,2020-02-06,BBG000BCJXW2,0
778,X1Y52C-R,2021-01-14,BBG000PRZNN8,0
779,X45CZ6-R,2020-11-05,BBG000C3N539,0
780,X46VSL-R,2021-01-07,BBG000BB2KN0,0
781,X46WVM-R,2020-11-09,BBG000C3KGT0,0
782,X4TV3J-R,2021-01-28,BBG001PG5MK8,0
783,X59HZ5-R,2020-11-30,BBG000BY33P5,1
784,X6BL48-R,2021-01-28,BBG000C2TQV8,0
785,X6FP15-R,2021-01-28,BBG000BM2C18,1
786,X8LB4Q-R,2020-11-30,BBG000D9KWL9,1
787,X9Q7RH-R,2020-11-09,BBG000BR83Z4,0
788,XBV8KC-R,2021-01-14,BBG000BSL500,0
789,XBWJZK-R,2020-11-12,BBG000GKFKW1,0
790,XBZR2K-R,2020-11-06,BBG000BXYMC5,0
791,XBZT6M-R,2020-11-12,BBG000DNF659,0
792,XC0YCP-R,2020-11-05,BBG000BS1WR4,0
793,XD32KS-R,2020-11-09,BBG000BLT2T3,0
794,XD54HQ-R,2020-11-12,BBG000BQRVY4,0
795,XF43NV-R,2020-11-12,BBG000BDD940,1
796,XF4KJ8-R,2020-11-30,BBG000C3SB31,0
797,XF814J-R,2020-11-27,BBG000C9K6K8,1
798,XFBRC3-R,2020-02-03,BBG0035TJGV4,0
799,XG8WXF-R,2020-11-05,BBG000BNS256,0
800,XGFDHN-R,2020-11-13,BBG000BT9DW0,1
801,XGLDNZ-R,2020-11-12,BBG0080Q5RR0,0
802,XGTLT4-R,2021-01-21,BBG0014JY842,0
803,XHSVLM-R,2021-01-28,BBG001P2KSC8,0
804,XKPX2X-R,2021-01-28,BBG000BBHGQ0,1
805,XKT23W-R,2020-10-30,BBG000BZ21R5,0
806,XLCZT6-R,2020-02-13,BBG007FH8JX4,0
807,XLTC1H-R,2020-11-27,BBG000QK4W92,0
808,XLV00V-R,2020-11-30,BBG000BMLR50,0
809,XLY63V-R,2020-11-17,BBG000BBBNC6,1
810,XP7BTM-R,2020-11-04,BBG000BLN9N0,0
811,XP9358-R,2021-01-28,BBG000FRM7L0,0
812,XQBWQ1-R,2020-11-06,BBG000BP08R4,0
813,XQC8FD-R,2020-11-20,BBG000DS5588,0
814,XQCN4R-R,2020-11-13,BBG000BPMH90,1
815,XQN3ZC-R,2020-11-18,BBG000C67FW6,0
816,CD9D7T-R,,BBG007QYXHZ9,0
817,D9PBHM-R,,BBG000K9LLR8,0
818,DCWB5F-R,,BBG000N0MYZ6,0
819,DJ947Z-R,,BBG005S9P778,0
820,DXYC4X-R,,BBG000BTF7N6,0
821,FJWB59-R,,BBG00NR75V37,0
822,GMDL3G-R,,BBG00W5FS571,0
823,GX9CQX-R,,BBG000BZ7HL1,0
824,J895KM-R,,BBG000MGPJD6,0
825,JCP4S4-R,,BBG000F93FR7,0
826,K960HM-R,,BBG000Q39RP8,0
827,KM9V14-R,,BBG000CQ5PH9,0
828,KZW5VT-R,,BBG00W5FR6C4,0
829,LJ9023-R,,BBG000R0MG54,0
830,NWS8GF-R,,BBG000PWD2R3,0
831,PL9RCQ-R,,BBG00RP2T9T6,0
832,QBNYB3-R,,BBG000BFLH48,0
833,R856Y1-R,,BBG000DZQYV0,1
834,V1HC1N-R,,BBG000VC6WR2,1
835,WFPJPZ-R,,BBG000QRG7X2,0
836,WL53BC-R,,BBG000CYTTJ6,0
837,WPDKYN-R,,BBG000CX93B5,0
838,WQL0KZ-R,,BBG000V8NC69,0
839,XPLD03-R,,BBG000QP2SN6,0
