,Declared Date,Dividend Amount,Dividend Frequency,Dividend Type,Ex-Date,Payable Date,Record Date,security
0,2020-07-16,0.08,Quarter,Regular Cash,2020-08-13,2020-08-28,2020-08-14,/bbgid/BBG000BDRR63
1,2020-03-12,0.125,Quarter,Regular Cash,2020-08-13,2020-08-28,2020-08-14,/bbgid/BBG000BDRR63
2,2020-01-16,0.125,Quarter,Regular Cash,2020-02-13,2020-02-28,2020-02-14,/bbgid/BBG000BDRR63
3,2019-10-10,0.125,Quarter,Regular Cash,2019-11-14,2019-11-29,2019-11-15,/bbgid/BBG000BDRR63
4,2019-07-18,0.125,Quarter,Regular Cash,2019-08-15,2019-08-30,2019-08-16,/bbgid/BBG000BDRR63
5,2019-03-07,0.125,Quarter,Regular Cash,2019-05-16,2019-05-31,2019-05-17,/bbgid/BBG000BDRR63
6,2019-01-16,0.125,Quarter,Regular Cash,2019-02-14,2019-03-01,2019-02-15,/bbgid/BBG000BDRR63
7,2018-10-04,0.125,Quarter,Regular Cash,2018-11-08,2018-11-23,2018-11-09,/bbgid/BBG000BDRR63
8,2018-07-12,0.125,Quarter,Regular Cash,2018-08-09,2018-08-24,2018-08-10,/bbgid/BBG000BDRR63
9,2018-03-08,0.11,Quarter,Regular Cash,2018-05-10,2018-05-25,2018-05-11,/bbgid/BBG000BDRR63
10,2018-01-11,0.11,Quarter,Regular Cash,2018-02-08,2018-02-23,2018-02-09,/bbgid/BBG000BDRR63
11,2017-11-07,0.35,None,Special Cash,2017-11-30,2017-12-15,2017-12-01,/bbgid/BBG000BDRR63
12,2017-10-05,0.11,Quarter,Regular Cash,2017-11-09,2017-11-24,2017-11-10,/bbgid/BBG000BDRR63
13,2017-07-13,0.11,Quarter,Regular Cash,2017-08-09,2017-08-25,2017-08-11,/bbgid/BBG000BDRR63
14,2017-03-09,0.1,Quarter,Regular Cash,2017-05-10,2017-05-26,2017-05-12,/bbgid/BBG000BDRR63
15,2017-01-12,0.1,Quarter,Regular Cash,2017-02-08,2017-02-24,2017-02-10,/bbgid/BBG000BDRR63
16,2016-11-08,0.3,None,Special Cash,2016-11-30,2016-12-16,2016-12-02,/bbgid/BBG000BDRR63
17,2016-10-06,0.1,Quarter,Regular Cash,2016-11-08,2016-11-25,2016-11-11,/bbgid/BBG000BDRR63
18,2016-07-14,0.1,Quarter,Regular Cash,2016-08-10,2016-08-26,2016-08-12,/bbgid/BBG000BDRR63
19,2016-03-10,0.09,Quarter,Regular Cash,2016-05-11,2016-05-27,2016-05-13,/bbgid/BBG000BDRR63
20,2016-01-15,0.09,Quarter,Regular Cash,2016-02-10,2016-02-26,2016-02-12,/bbgid/BBG000BDRR63
21,2015-11-10,0.2,None,Special Cash,2015-12-02,2015-12-18,2015-12-04,/bbgid/BBG000BDRR63
22,2015-10-08,0.09,Quarter,Regular Cash,2015-11-10,2015-11-27,2015-11-13,/bbgid/BBG000BDRR63
23,2015-07-16,0.09,Quarter,Regular Cash,2015-08-12,2015-08-28,2015-08-14,/bbgid/BBG000BDRR63
24,2015-03-12,0.08,Quarter,Regular Cash,2015-05-13,2015-05-29,2015-05-15,/bbgid/BBG000BDRR63
25,2015-01-15,0.08,Quarter,Regular Cash,2015-02-11,2015-02-27,2015-02-13,/bbgid/BBG000BDRR63
26,2014-11-10,0.2,None,Special Cash,2014-12-03,2014-12-19,2014-12-05,/bbgid/BBG000BDRR63
27,2014-10-09,0.08,Quarter,Regular Cash,2014-11-12,2014-11-28,2014-11-14,/bbgid/BBG000BDRR63
28,2014-07-17,0.08,Quarter,Regular Cash,2014-08-13,2014-08-29,2014-08-15,/bbgid/BBG000BDRR63
29,2014-03-13,0.06,Quarter,Regular Cash,2014-05-13,2014-05-30,2014-05-15,/bbgid/BBG000BDRR63
30,2014-01-16,0.06,Quarter,Regular Cash,2014-02-12,2014-02-28,2014-02-14,/bbgid/BBG000BDRR63
31,2013-11-26,0.2,None,Special Cash,2013-12-06,2013-12-20,2013-12-10,/bbgid/BBG000BDRR63
32,2013-10-17,0.06,Quarter,Regular Cash,2013-11-13,2013-11-29,2013-11-15,/bbgid/BBG000BDRR63
33,2013-07-18,0.06,Quarter,Regular Cash,2013-08-13,2013-08-30,2013-08-15,/bbgid/BBG000BDRR63
34,2013-03-07,0.05,Quarter,Regular Cash,2013-05-13,2013-05-31,2013-05-15,/bbgid/BBG000BDRR63
35,2013-01-17,0.05,Quarter,Regular Cash,2013-02-13,2013-03-01,2013-02-15,/bbgid/BBG000BDRR63
36,2012-10-12,0.05,Quarter,Regular Cash,2012-11-13,2012-12-03,2012-11-15,/bbgid/BBG000BDRR63
37,2012-08-29,1.25,None,Special Cash,2012-10-10,2012-10-26,2012-10-12,/bbgid/BBG000BDRR63
38,2012-07-16,0.05,Quarter,Regular Cash,2012-08-13,2012-08-31,2012-08-15,/bbgid/BBG000BDRR63
39,2012-04-19,0.05,Quarter,Regular Cash,2012-05-11,2012-06-01,2012-05-15,/bbgid/BBG000BDRR63
40,2012-01-24,0.05,Quarter,Regular Cash,2012-02-13,2012-03-01,2012-02-15,/bbgid/BBG000BDRR63
41,2011-11-18,0.5,None,Special Cash,2011-12-21,2012-01-03,2011-12-23,/bbgid/BBG000BDRR63
42,2011-10-13,0.035,Quarter,Regular Cash,2011-11-10,2011-12-01,2011-11-15,/bbgid/BBG000BDRR63
43,2011-07-14,0.03,Quarter,Regular Cash,2011-08-11,2011-09-01,2011-08-15,/bbgid/BBG000BDRR63
44,2011-05-03,0.03,Quarter,Regular Cash,2011-05-12,2011-06-01,2011-05-16,/bbgid/BBG000BDRR63
45,2009-02-02,-2.4245362661989844e-14,Suspend,Discontinued,2009-02-13,,,/bbgid/BBG000BDRR63
46,2008-10-16,0.1,Quarter,Regular Cash,2008-11-13,2008-12-01,2008-11-17,/bbgid/BBG000BDRR63
47,2008-07-18,0.225,Quarter,Regular Cash,2008-08-13,2008-09-02,2008-08-15,/bbgid/BBG000BDRR63
48,2008-04-03,0.75,None,Special Cash,2008-07-14,2008-08-01,2008-07-16,/bbgid/BBG000BDRR63
49,2008-03-17,0.225,Quarter,Regular Cash,2008-05-14,2008-06-02,2008-05-16,/bbgid/BBG000BDRR63
50,2008-01-29,0.2,Quarter,Regular Cash,2008-02-13,2008-03-03,2008-02-15,/bbgid/BBG000BDRR63
51,2007-10-25,0.2,Quarter,Regular Cash,2007-11-14,2007-12-03,2007-11-16,/bbgid/BBG000BDRR63
52,2007-07-25,0.2,Quarter,Regular Cash,2007-08-15,2007-09-04,2007-08-17,/bbgid/BBG000BDRR63
53,2007-04-19,0.2,Quarter,Regular Cash,2007-05-14,2007-06-01,2007-05-16,/bbgid/BBG000BDRR63
54,2007-01-19,0.2,Quarter,Regular Cash,2007-02-08,2007-03-01,2007-02-12,/bbgid/BBG000BDRR63
55,2006-09-27,0.2,Quarter,Regular Cash,2006-11-13,2006-12-01,2006-11-15,/bbgid/BBG000BDRR63
56,2006-06-27,0.2,Quarter,Regular Cash,2006-08-14,2006-09-01,2006-08-16,/bbgid/BBG000BDRR63
57,2006-03-23,0.2,Quarter,Regular Cash,2006-05-11,2006-06-01,2006-05-15,/bbgid/BBG000BDRR63
58,2006-01-10,0.2,Quarter,Regular Cash,2006-02-09,2006-03-01,2006-02-13,/bbgid/BBG000BDRR63
59,2005-09-28,0.2,Quarter,Regular Cash,2005-11-10,2005-12-01,2005-11-15,/bbgid/BBG000BDRR63
60,2005-06-28,0.2,Quarter,Regular Cash,2005-08-15,2005-09-01,2005-08-17,/bbgid/BBG000BDRR63
61,2005-03-24,0.2,Quarter,Regular Cash,2005-05-12,2005-06-01,2005-05-16,/bbgid/BBG000BDRR63
62,2005-01-13,0.2,Quarter,Regular Cash,2005-02-10,2005-03-01,2005-02-14,/bbgid/BBG000BDRR63
63,2004-09-28,0.2,Quarter,Regular Cash,2004-11-10,2004-12-01,2004-11-15,/bbgid/BBG000BDRR63
64,2004-06-28,0.2,Quarter,Regular Cash,2004-08-13,2004-09-01,2004-08-17,/bbgid/BBG000BDRR63
65,2004-03-26,0.2,Quarter,Regular Cash,2004-05-13,2004-06-01,2004-05-17,/bbgid/BBG000BDRR63
66,2004-01-12,0.2,Quarter,Regular Cash,2004-02-11,2004-03-01,2004-02-13,/bbgid/BBG000BDRR63
67,2003-09-26,0.2,Quarter,Regular Cash,2003-11-12,2003-12-01,2003-11-14,/bbgid/BBG000BDRR63
68,2003-06-27,0.2,Quarter,Regular Cash,2003-08-13,2003-09-02,2003-08-15,/bbgid/BBG000BDRR63
69,2003-03-25,0.2,Quarter,Regular Cash,2003-05-14,2003-06-02,2003-05-16,/bbgid/BBG000BDRR63
70,2003-01-15,0.2,Quarter,Regular Cash,2003-02-10,2003-03-03,2003-02-12,/bbgid/BBG000BDRR63
71,2002-09-24,0.2,Quarter,Regular Cash,2002-11-13,2002-12-02,2002-11-15,/bbgid/BBG000BDRR63
72,2002-06-26,0.2,Quarter,Regular Cash,2002-08-14,2002-09-03,2002-08-16,/bbgid/BBG000BDRR63
73,2002-03-26,0.2,Quarter,Regular Cash,2002-05-15,2002-06-03,2002-05-17,/bbgid/BBG000BDRR63
74,2002-01-17,0.2,Quarter,Regular Cash,2002-02-13,2002-03-01,2002-02-15,/bbgid/BBG000BDRR63
75,2001-09-25,0.2,Quarter,Regular Cash,2001-11-14,2001-12-03,2001-11-16,/bbgid/BBG000BDRR63
76,2001-06-26,0.2,Quarter,Regular Cash,2001-08-15,2001-09-04,2001-08-17,/bbgid/BBG000BDRR63
77,2001-03-27,0.2,Quarter,Regular Cash,2001-05-15,2001-06-01,2001-05-17,/bbgid/BBG000BDRR63
78,2001-01-16,0.2,Quarter,Regular Cash,2001-02-13,2001-03-01,2001-02-15,/bbgid/BBG000BDRR63
79,2000-09-26,0.2,Quarter,Regular Cash,2000-11-15,2000-12-01,2000-11-17,/bbgid/BBG000BDRR63
80,2000-06-27,0.2,Quarter,Regular Cash,2000-08-15,2000-09-01,2000-08-17,/bbgid/BBG000BDRR63
81,2000-03-28,0.2,Quarter,Regular Cash,2000-05-15,2000-06-01,2000-05-17,/bbgid/BBG000BDRR63
82,2000-01-18,0.2,Quarter,Regular Cash,2000-02-14,2000-03-01,2000-02-16,/bbgid/BBG000BDRR63
83,1999-09-28,0.2,Quarter,Regular Cash,1999-11-12,1999-11-30,1999-11-16,/bbgid/BBG000BDRR63
84,1999-06-29,0.2,Quarter,Regular Cash,1999-08-13,1999-09-01,1999-08-17,/bbgid/BBG000BDRR63
85,1999-03-30,0.2,Quarter,Regular Cash,1999-05-13,1999-06-01,1999-05-17,/bbgid/BBG000BDRR63
86,1999-02-11,0.2,Quarter,Regular Cash,1999-02-19,1999-03-02,1999-02-23,/bbgid/BBG000BDRR63
87,1998-10-26,0.2,Quarter,Regular Cash,1998-11-12,1998-11-30,1998-11-16,/bbgid/BBG000BDRR63
88,1998-07-13,0.2,Quarter,Regular Cash,1998-08-13,1998-09-01,1998-08-17,/bbgid/BBG000BDRR63
89,1998-05-05,0.2,Quarter,Regular Cash,1998-05-13,1998-06-01,1998-05-15,/bbgid/BBG000BDRR63
90,1998-01-13,0.2,Quarter,Regular Cash,1998-02-11,1998-03-02,1998-02-16,/bbgid/BBG000BDRR63
91,1997-11-05,0.2,Quarter,Regular Cash,1997-11-13,1997-12-01,1997-11-17,/bbgid/BBG000BDRR63
92,1997-08-06,0.2,Quarter,Regular Cash,1997-08-20,1997-09-02,1997-08-22,/bbgid/BBG000BDRR63
93,1997-05-07,0.2,Quarter,Regular Cash,1997-05-20,1997-06-02,1997-05-22,/bbgid/BBG000BDRR63
94,1997-02-19,0.2,None,Special Cash,1997-02-27,1997-03-07,1997-03-03,/bbgid/BBG000BDRR63
95,1997-02-19,0.2,Quarter,Regular Cash,1997-02-27,1997-03-07,1997-03-03,/bbgid/BBG000BDRR63
96,1996-11-06,0.2,Quarter,Regular Cash,1996-11-14,1996-11-29,1996-11-18,/bbgid/BBG000BDRR63
97,1996-08-07,0.2,Quarter,Regular Cash,1996-08-19,1996-09-03,1996-08-21,/bbgid/BBG000BDRR63
98,1996-05-01,0.2,Quarter,Regular Cash,1996-05-23,1996-06-03,1996-05-28,/bbgid/BBG000BDRR63
99,1996-02-21,0.2,Quarter,Regular Cash,1996-02-29,1996-03-06,1996-03-04,/bbgid/BBG000BDRR63
100,1995-11-01,0.2,Quarter,Regular Cash,1995-11-14,1995-11-30,1995-11-16,/bbgid/BBG000BDRR63
101,1995-08-02,0.2,Quarter,Regular Cash,1995-08-16,1995-09-01,1995-08-18,/bbgid/BBG000BDRR63
102,1995-05-03,0.2,Quarter,Regular Cash,1995-05-11,1995-06-01,1995-05-17,/bbgid/BBG000BDRR63
103,1995-02-15,0.2,Quarter,Regular Cash,1995-02-21,1995-03-01,1995-02-27,/bbgid/BBG000BDRR63
104,1994-10-24,0.2,Quarter,Regular Cash,1994-11-10,1994-11-30,1994-11-17,/bbgid/BBG000BDRR63
105,1994-08-04,0.2,Quarter,Regular Cash,1994-08-12,1994-09-01,1994-08-18,/bbgid/BBG000BDRR63
106,1994-05-06,0.2,Quarter,Regular Cash,1994-05-12,1994-06-01,1994-05-18,/bbgid/BBG000BDRR63
107,1994-02-03,0.2,Quarter,Regular Cash,1994-02-10,1994-03-01,1994-02-16,/bbgid/BBG000BDRR63
108,1993-11-03,0.2,Quarter,Regular Cash,1993-11-19,1993-11-30,1993-11-26,/bbgid/BBG000BDRR63
109,1993-08-05,0.2,Quarter,Regular Cash,1993-08-13,1993-09-01,1993-08-19,/bbgid/BBG000BDRR63
110,1993-05-05,1.25,None,Stock Split,1993-05-27,1993-05-26,1993-05-17,/bbgid/BBG000BDRR63
111,1993-05-05,0.16,Quarter,Regular Cash,1993-05-11,1993-06-01,1993-05-17,/bbgid/BBG000BDRR63
112,1993-02-03,0.184,Quarter,Regular Cash,1993-02-10,1993-03-01,1993-02-17,/bbgid/BBG000BDRR63
113,1992-11-04,0.168,Quarter,Regular Cash,1992-11-12,1992-11-30,1992-11-18,/bbgid/BBG000BDRR63
114,1992-07-24,0.168,Quarter,Regular Cash,1992-08-10,1992-09-01,1992-08-14,/bbgid/BBG000BDRR63
115,1992-05-06,0.168,Quarter,Regular Cash,1992-05-13,1992-06-01,1992-05-19,/bbgid/BBG000BDRR63
116,1992-02-24,1.5,None,Stock Split,1992-04-07,1992-04-06,1992-03-16,/bbgid/BBG000BDRR63
117,1992-02-07,0.133333,Quarter,Regular Cash,1992-02-12,1992-03-02,1992-02-19,/bbgid/BBG000BDRR63
118,1991-11-06,0.133333,Quarter,Regular Cash,1991-11-12,1991-11-29,1991-11-18,/bbgid/BBG000BDRR63
119,1991-08-07,0.133333,Quarter,Regular Cash,1991-08-13,1991-09-02,1991-08-19,/bbgid/BBG000BDRR63
120,1991-05-01,0.133333,Quarter,Regular Cash,1991-05-09,1991-06-03,1991-05-15,/bbgid/BBG000BDRR63
121,1991-02-07,0.133333,Quarter,Regular Cash,1991-02-14,1991-03-01,1991-02-21,/bbgid/BBG000BDRR63
122,1990-11-12,0.133333,Quarter,Regular Cash,1990-11-16,1990-11-30,1990-11-23,/bbgid/BBG000BDRR63
123,1990-11-12,0.133333,None,Special Cash,1990-11-16,1990-11-30,1990-11-23,/bbgid/BBG000BDRR63
124,1990-08-01,0.133333,Quarter,Regular Cash,1990-08-15,1990-09-04,1990-08-21,/bbgid/BBG000BDRR63
125,1990-05-02,0.133333,Quarter,Regular Cash,1990-05-11,1990-06-01,1990-05-17,/bbgid/BBG000BDRR63
126,1990-02-07,0.133333,Quarter,Regular Cash,1990-02-12,1990-03-01,1990-02-16,/bbgid/BBG000BDRR63
127,1989-11-01,0.133333,Quarter,Regular Cash,1989-11-08,1989-11-30,1989-11-14,/bbgid/BBG000BDRR63
128,1989-11-01,0.533333,None,Special Cash,1989-11-08,1989-12-29,1989-11-14,/bbgid/BBG000BDRR63
129,1989-08-02,0.133333,Quarter,Regular Cash,1989-08-10,1989-09-01,1989-08-16,/bbgid/BBG000BDRR63
130,1989-05-04,0.133333,Quarter,Regular Cash,1989-05-10,1989-06-01,1989-05-16,/bbgid/BBG000BDRR63
131,1989-02-01,0.133333,Quarter,Regular Cash,1989-02-09,1989-03-01,1989-02-15,/bbgid/BBG000BDRR63
132,1988-11-02,0.133333,Quarter,Regular Cash,1988-11-07,1988-11-30,1988-11-14,/bbgid/BBG000BDRR63
133,1988-08-03,0.133333,Quarter,Regular Cash,1988-08-10,1988-09-01,1988-08-16,/bbgid/BBG000BDRR63
134,1988-05-04,0.133333,Quarter,Regular Cash,1988-05-11,1988-06-01,1988-05-17,/bbgid/BBG000BDRR63
135,1988-02-03,0.133333,Quarter,Regular Cash,1988-02-09,1988-03-01,1988-02-16,/bbgid/BBG000BDRR63
136,1987-11-04,0.106667,Quarter,Regular Cash,1987-11-09,1987-11-30,1987-11-16,/bbgid/BBG000BDRR63
137,1987-07-29,0.106667,Quarter,Regular Cash,1987-08-07,1987-09-01,1987-08-13,/bbgid/BBG000BDRR63
138,1987-05-06,0.106667,Quarter,Regular Cash,1987-05-12,1987-06-01,1987-05-18,/bbgid/BBG000BDRR63
139,1987-02-04,0.106667,Quarter,Regular Cash,1987-02-10,1987-03-02,1987-02-17,/bbgid/BBG000BDRR63
140,1986-12-19,0.133333,None,Special Cash,1986-12-26,1987-01-15,1987-01-02,/bbgid/BBG000BDRR63
141,1986-10-29,0.106667,Quarter,Regular Cash,1986-11-06,1986-11-28,1986-11-13,/bbgid/BBG000BDRR63
142,1986-08-06,0.106667,Quarter,Regular Cash,1986-08-08,1986-09-02,1986-08-14,/bbgid/BBG000BDRR63
143,1986-04-30,0.106667,Quarter,Regular Cash,1986-05-08,1986-06-02,1986-05-14,/bbgid/BBG000BDRR63
144,1986-02-06,0.106667,Quarter,Regular Cash,1986-02-10,1986-03-03,1986-02-17,/bbgid/BBG000BDRR63
145,1985-12-13,0.213333,None,Special Cash,1985-12-17,1986-01-06,1985-12-23,/bbgid/BBG000BDRR63
146,1985-11-05,0.106667,Quarter,Regular Cash,1985-11-08,1985-11-29,1985-11-15,/bbgid/BBG000BDRR63
147,1985-08-01,0.106667,Quarter,Regular Cash,1985-08-09,1985-09-04,1985-08-15,/bbgid/BBG000BDRR63
148,1985-05-01,0.106667,Quarter,Regular Cash,1985-05-10,1985-06-03,1985-05-16,/bbgid/BBG000BDRR63
149,1985-02-07,0.106667,Quarter,Regular Cash,1985-02-11,1985-03-01,1985-02-19,/bbgid/BBG000BDRR63
150,1984-12-17,0.293333,None,Special Cash,1984-12-18,1985-01-10,1984-12-24,/bbgid/BBG000BDRR63
151,1984-11-02,0.106667,Quarter,Regular Cash,1984-11-02,1984-11-30,1984-11-09,/bbgid/BBG000BDRR63
152,1984-08-06,0.106667,Quarter,Regular Cash,1984-08-09,1984-09-04,1984-08-15,/bbgid/BBG000BDRR63
153,1984-05-09,0.106667,Quarter,Regular Cash,1984-05-10,1984-06-01,1984-05-16,/bbgid/BBG000BDRR63
154,1984-02-09,0.106667,Quarter,Regular Cash,1984-02-08,1984-03-01,1984-02-15,/bbgid/BBG000BDRR63
155,1983-11-04,0.4,None,Special Cash,1983-11-10,1984-01-03,1983-11-17,/bbgid/BBG000BDRR63
156,1983-11-04,0.106667,Quarter,Regular Cash,1983-11-10,1984-01-03,1983-11-17,/bbgid/BBG000BDRR63
157,1983-08-11,0.106667,Quarter,Regular Cash,1983-08-11,1983-09-01,1983-08-17,/bbgid/BBG000BDRR63
158,1983-05-06,1.25,None,Stock Split,1983-06-13,1983-06-10,1983-05-17,/bbgid/BBG000BDRR63
159,1983-05-09,0.085333,Quarter,Regular Cash,1983-05-11,1983-06-01,1983-05-17,/bbgid/BBG000BDRR63
160,1983-02-08,0.085333,Quarter,Regular Cash,1983-02-11,1983-03-01,1983-02-17,/bbgid/BBG000BDRR63
161,1982-11-19,0.213333,None,Special Cash,1982-11-22,1983-01-03,1982-11-29,/bbgid/BBG000BDRR63
162,1982-11-08,0.085333,Quarter,Regular Cash,1982-11-22,1983-01-03,1982-11-29,/bbgid/BBG000BDRR63
163,1982-08-10,0.085333,Quarter,Regular Cash,1982-08-11,1982-09-01,1982-08-17,/bbgid/BBG000BDRR63
164,1982-05-07,0.085333,Quarter,Regular Cash,1982-05-11,1982-06-01,1982-05-17,/bbgid/BBG000BDRR63
165,1982-02-10,0.085333,Quarter,Regular Cash,1982-02-09,1982-03-01,1982-02-16,/bbgid/BBG000BDRR63
166,1981-11-05,0.085333,Quarter,Regular Cash,1981-11-10,1982-01-04,1981-11-17,/bbgid/BBG000BDRR63
167,1981-11-05,0.32,None,Special Cash,1981-11-10,1982-01-04,1981-11-17,/bbgid/BBG000BDRR63
168,1981-08-12,0.085333,Quarter,Regular Cash,1981-08-11,1981-09-01,1981-08-17,/bbgid/BBG000BDRR63
169,1981-04-22,0.085333,Quarter,Regular Cash,1981-05-05,1981-06-01,1981-05-11,/bbgid/BBG000BDRR63
170,1981-02-09,0.085333,Quarter,Regular Cash,1981-02-09,1981-03-02,1981-02-17,/bbgid/BBG000BDRR63
171,1980-11-07,0.085333,Quarter,Regular Cash,1980-11-10,1980-11-29,1980-11-17,/bbgid/BBG000BDRR63
172,1980-11-07,0.149333,None,Special Cash,1980-11-10,1981-01-02,1980-11-17,/bbgid/BBG000BDRR63
173,1980-08-08,0.085333,Quarter,Regular Cash,1980-08-08,1980-09-02,1980-08-14,/bbgid/BBG000BDRR63
174,1980-04-08,0.085333,Quarter,Regular Cash,1980-05-06,1980-06-02,1980-05-12,/bbgid/BBG000BDRR63
175,1980-03-14,0.085333,Quarter,Regular Cash,1980-03-03,1980-02-29,1980-02-19,/bbgid/BBG000BDRR63
0,2020-07-23,0.185,Quarter,Regular Cash,2020-07-31,2020-08-18,2020-08-04,/bbgid/BBG000DZ8BC1
1,2020-04-23,0.185,Quarter,Regular Cash,2020-05-04,2020-05-19,2020-05-05,/bbgid/BBG000DZ8BC1
2,2020-02-12,0.185,Quarter,Regular Cash,2020-02-26,2020-03-12,2020-02-27,/bbgid/BBG000DZ8BC1
3,2019-10-28,0.185,Quarter,Regular Cash,2019-11-08,2019-11-26,2019-11-12,/bbgid/BBG000DZ8BC1
4,2019-07-29,0.16,Quarter,Regular Cash,2019-08-09,2019-08-26,2019-08-12,/bbgid/BBG000DZ8BC1
5,2019-04-24,0.16,Quarter,Regular Cash,2019-05-07,2019-05-22,2019-05-08,/bbgid/BBG000DZ8BC1
6,2019-02-13,0.16,Quarter,Regular Cash,2019-02-28,2019-03-15,2019-03-01,/bbgid/BBG000DZ8BC1
7,2018-10-29,0.16,Quarter,Regular Cash,2018-11-09,2018-11-27,2018-11-13,/bbgid/BBG000DZ8BC1
8,2018-07-24,0.14,Quarter,Regular Cash,2018-08-03,2018-08-21,2018-08-07,/bbgid/BBG000DZ8BC1
9,2018-05-02,0.14,Quarter,Regular Cash,2018-05-15,2018-05-30,2018-05-16,/bbgid/BBG000DZ8BC1
10,2018-02-14,0.14,Quarter,Regular Cash,2018-02-27,2018-03-14,2018-02-28,/bbgid/BBG000DZ8BC1
11,2017-10-25,0.14,Quarter,Regular Cash,2017-11-07,2017-11-22,2017-11-08,/bbgid/BBG000DZ8BC1
12,2017-07-25,0.12,Quarter,Regular Cash,2017-08-03,2017-08-22,2017-08-08,/bbgid/BBG000DZ8BC1
13,2017-04-26,1.5,None,Stock Split,2017-06-19,2017-06-16,2017-06-07,/bbgid/BBG000DZ8BC1
14,2017-04-26,0.12,Quarter,Regular Cash,2017-05-08,2017-05-24,2017-05-10,/bbgid/BBG000DZ8BC1
15,2017-02-21,0.12,Quarter,Regular Cash,2017-03-03,2017-03-21,2017-03-07,/bbgid/BBG000DZ8BC1
16,2016-10-26,0.12,Quarter,Regular Cash,2016-11-03,2016-11-21,2016-11-07,/bbgid/BBG000DZ8BC1
17,2016-07-19,0.096667,Quarter,Regular Cash,2016-07-28,2016-08-15,2016-08-02,/bbgid/BBG000DZ8BC1
18,2016-01-19,0.4815,None,Stock Split,2016-06-01,,,/bbgid/BBG000DZ8BC1
19,2016-04-27,0.118735,Quarter,Pro Rata,2016-05-12,2016-05-30,2016-05-16,/bbgid/BBG000DZ8BC1
20,2016-02-24,0.179553,Quarter,Regular Cash,2016-03-29,2016-04-15,2016-03-31,/bbgid/BBG000DZ8BC1
21,2015-10-30,0.170118,Quarter,Regular Cash,2015-12-29,2016-01-15,2015-12-31,/bbgid/BBG000DZ8BC1
22,2015-07-30,0.176324,Quarter,Regular Cash,2015-09-28,2015-10-15,2015-09-30,/bbgid/BBG000DZ8BC1
23,2015-04-30,0.179522,Quarter,Regular Cash,2015-06-26,2015-07-15,2015-06-30,/bbgid/BBG000DZ8BC1
24,2015-02-26,0.176125,Quarter,Regular Cash,2015-03-27,2015-04-15,2015-03-31,/bbgid/BBG000DZ8BC1
25,2014-10-30,0.190301,Quarter,Regular Cash,2014-12-29,2015-01-15,2014-12-31,/bbgid/BBG000DZ8BC1
26,2014-07-25,0.198397,Quarter,Regular Cash,2014-09-26,2014-10-15,2014-09-30,/bbgid/BBG000DZ8BC1
27,2014-04-25,0.194261,Quarter,Regular Cash,2014-06-26,2014-07-15,2014-06-30,/bbgid/BBG000DZ8BC1
28,2014-02-13,0.187814,Quarter,Regular Cash,2014-03-27,2014-04-15,2014-03-31,/bbgid/BBG000DZ8BC1
29,2013-10-24,0.194261,Quarter,Regular Cash,2013-12-27,2014-01-15,2013-12-31,/bbgid/BBG000DZ8BC1
30,2013-07-29,0.201244,Quarter,Regular Cash,2013-09-26,2013-10-15,2013-09-30,/bbgid/BBG000DZ8BC1
31,2013-05-01,0.185084,Quarter,Regular Cash,2013-06-26,2013-07-15,2013-06-28,/bbgid/BBG000DZ8BC1
32,2013-02-14,0.190524,Quarter,Regular Cash,2013-03-26,2013-04-15,2013-03-28,/bbgid/BBG000DZ8BC1
33,2012-10-26,0.194852,Quarter,Regular Cash,2012-12-27,2013-01-15,2012-12-31,/bbgid/BBG000DZ8BC1
34,2012-07-25,0.196991,Quarter,Regular Cash,2012-09-26,2012-10-15,2012-09-28,/bbgid/BBG000DZ8BC1
35,2012-04-27,0.189037,Quarter,Regular Cash,2012-06-27,2012-07-16,2012-06-29,/bbgid/BBG000DZ8BC1
36,2012-02-28,0.19413,Quarter,Regular Cash,2012-03-28,2012-04-16,2012-03-31,/bbgid/BBG000DZ8BC1
37,2011-10-25,0.169096,Quarter,Regular Cash,2011-12-28,2012-01-16,2011-12-31,/bbgid/BBG000DZ8BC1
38,2011-07-26,0.169212,Quarter,Regular Cash,2011-09-28,2011-10-14,2011-09-30,/bbgid/BBG000DZ8BC1
39,2011-06-15,0.175902,Quarter,Regular Cash,2011-06-28,2011-07-15,2011-06-30,/bbgid/BBG000DZ8BC1
40,2011-02-22,0.177344,Quarter,Regular Cash,2011-03-29,2011-04-15,2011-03-31,/bbgid/BBG000DZ8BC1
41,2010-12-13,0.173001,Quarter,Regular Cash,2010-12-29,2011-01-14,2010-12-31,/bbgid/BBG000DZ8BC1
42,2010-09-07,0.167752,Quarter,Regular Cash,2010-09-28,2010-10-15,2010-09-30,/bbgid/BBG000DZ8BC1
43,2010-06-10,0.167298,Quarter,Regular Cash,2010-06-28,2010-07-15,2010-06-30,/bbgid/BBG000DZ8BC1
44,2010-02-23,0.169444,Quarter,Regular Cash,2010-03-29,2010-04-15,2010-03-31,/bbgid/BBG000DZ8BC1
45,2008-12-23,0.166174,Quarter,Regular Cash,2009-12-29,2010-01-15,2009-12-31,/bbgid/BBG000DZ8BC1
46,2008-12-23,0.162951,None,Special Cash,2009-12-15,2009-12-31,2009-12-17,/bbgid/BBG000DZ8BC1
47,2008-12-23,0.159218,Quarter,Regular Cash,2009-09-28,2009-10-15,2009-09-30,/bbgid/BBG000DZ8BC1
48,2008-12-23,0.159218,None,Special Cash,2009-09-28,2009-10-15,2009-09-30,/bbgid/BBG000DZ8BC1
49,2008-12-23,0.150457,Quarter,Regular Cash,2009-06-26,2009-07-15,2009-06-30,/bbgid/BBG000DZ8BC1
50,2008-12-23,0.150457,None,Special Cash,2009-06-26,2009-07-15,2009-06-30,/bbgid/BBG000DZ8BC1
51,2008-12-23,0.13946,Quarter,Regular Cash,2009-03-27,2009-04-15,2009-03-31,/bbgid/BBG000DZ8BC1
52,2008-12-23,0.13946,None,Special Cash,2009-03-27,2009-04-15,2009-03-31,/bbgid/BBG000DZ8BC1
53,2008-08-18,0.047376,Monthly,Regular Cash,2008-12-29,2009-01-15,2008-12-31,/bbgid/BBG000DZ8BC1
54,2008-11-19,0.170344,Monthly,Regular Cash,2008-11-26,2008-12-15,2008-11-28,/bbgid/BBG000DZ8BC1
55,2008-10-20,0.171108,Monthly,Regular Cash,2008-10-29,2008-11-17,2008-10-31,/bbgid/BBG000DZ8BC1
56,2008-09-17,0.203021,Monthly,Regular Cash,2008-09-26,2008-10-15,2008-09-30,/bbgid/BBG000DZ8BC1
57,2008-08-20,0.199982,Monthly,Regular Cash,2008-08-27,2008-09-15,2008-08-29,/bbgid/BBG000DZ8BC1
58,2008-07-18,0.204545,Monthly,Regular Cash,2008-07-29,2008-08-15,2008-07-31,/bbgid/BBG000DZ8BC1
59,2008-06-17,0.207479,Monthly,Regular Cash,2008-06-26,2008-07-15,2008-06-30,/bbgid/BBG000DZ8BC1
60,2008-05-20,0.212008,Monthly,Regular Cash,2008-05-28,2008-06-16,2008-05-30,/bbgid/BBG000DZ8BC1
61,2008-04-17,0.206987,Monthly,Regular Cash,2008-04-28,2008-05-14,2008-04-30,/bbgid/BBG000DZ8BC1
62,2008-03-20,0.206783,Monthly,Regular Cash,2008-03-27,2008-04-15,2008-03-31,/bbgid/BBG000DZ8BC1
63,2008-02-21,0.21437,Monthly,Regular Cash,2008-02-27,2008-03-14,2008-02-29,/bbgid/BBG000DZ8BC1
64,2008-01-21,0.209929,Monthly,Regular Cash,2008-01-29,2008-02-15,2008-01-31,/bbgid/BBG000DZ8BC1
65,2007-12-19,0.213867,Monthly,Regular Cash,2007-12-27,2008-01-15,2007-12-31,/bbgid/BBG000DZ8BC1
66,2007-11-21,0.212524,Monthly,Regular Cash,2007-11-28,2007-12-14,2007-11-30,/bbgid/BBG000DZ8BC1
67,2007-10-22,0.220199,Monthly,Regular Cash,2007-10-29,2007-11-15,2007-10-31,/bbgid/BBG000DZ8BC1
68,2007-09-19,0.208655,Monthly,Regular Cash,2007-09-26,2007-10-15,2007-09-28,/bbgid/BBG000DZ8BC1
69,2007-08-20,0.197608,Monthly,Regular Cash,2007-08-29,2007-09-14,2007-08-31,/bbgid/BBG000DZ8BC1
70,2007-07-17,0.197739,Monthly,Regular Cash,2007-07-27,2007-08-15,2007-07-31,/bbgid/BBG000DZ8BC1
71,2007-06-19,0.195709,Monthly,Regular Cash,2007-06-27,2007-07-16,2007-06-30,/bbgid/BBG000DZ8BC1
72,2007-05-22,0.1956,Monthly,Regular Cash,2007-05-29,2007-06-15,2007-05-31,/bbgid/BBG000DZ8BC1
73,2007-04-16,0.187237,Monthly,Regular Cash,2007-04-26,2007-05-15,2007-04-30,/bbgid/BBG000DZ8BC1
74,2007-03-20,0.180969,Monthly,Regular Cash,2007-03-28,2007-04-16,2007-03-30,/bbgid/BBG000DZ8BC1
75,2007-02-20,0.180782,Monthly,Regular Cash,2007-02-26,2007-03-15,2007-02-28,/bbgid/BBG000DZ8BC1
76,2007-01-22,0.177388,Monthly,Regular Cash,2007-01-29,2007-02-15,2007-01-31,/bbgid/BBG000DZ8BC1
77,2006-12-21,0.180595,Monthly,Regular Cash,2006-12-27,2007-01-15,2006-12-29,/bbgid/BBG000DZ8BC1
78,2006-11-17,0.185432,Monthly,Regular Cash,2006-11-28,2006-12-15,2006-11-30,/bbgid/BBG000DZ8BC1
79,2006-10-23,0.187555,Monthly,Regular Cash,2006-10-27,2006-11-15,2006-10-31,/bbgid/BBG000DZ8BC1
80,2006-09-20,0.188194,Monthly,Regular Cash,2006-09-27,2006-10-16,2006-09-29,/bbgid/BBG000DZ8BC1
81,2006-08-08,0.188872,Monthly,Regular Cash,2006-08-29,2006-09-15,2006-08-31,/bbgid/BBG000DZ8BC1
82,2006-07-20,0.17275,Monthly,Regular Cash,2006-07-27,2006-08-15,2006-07-31,/bbgid/BBG000DZ8BC1
83,2006-06-21,0.174597,Monthly,Regular Cash,2006-06-28,2006-07-14,2006-06-30,/bbgid/BBG000DZ8BC1
84,2006-05-19,0.177315,Monthly,Regular Cash,2006-05-29,2006-06-15,2006-05-31,/bbgid/BBG000DZ8BC1
85,2006-04-18,0.173823,Monthly,Regular Cash,2006-04-26,2006-05-15,2006-04-28,/bbgid/BBG000DZ8BC1
86,2006-03-20,0.167121,Monthly,Regular Cash,2006-03-29,2006-04-14,2006-03-31,/bbgid/BBG000DZ8BC1
87,2006-02-17,0.170036,Monthly,Regular Cash,2006-02-24,2006-03-15,2006-02-28,/bbgid/BBG000DZ8BC1
88,2006-01-20,0.170554,Monthly,Regular Cash,2006-01-27,2006-02-15,2006-01-31,/bbgid/BBG000DZ8BC1
89,2005-12-19,0.168153,Monthly,Regular Cash,2005-12-28,2006-01-16,2005-12-30,/bbgid/BBG000DZ8BC1
90,2005-11-21,0.167966,Monthly,Regular Cash,2005-11-28,2005-12-15,2005-11-30,/bbgid/BBG000DZ8BC1
91,2005-10-19,0.167449,Monthly,Regular Cash,2005-10-27,2005-11-15,2005-10-31,/bbgid/BBG000DZ8BC1
92,2005-09-21,0.166383,Monthly,Regular Cash,2005-09-28,2005-10-17,2005-09-30,/bbgid/BBG000DZ8BC1
93,2005-08-04,0.163631,Monthly,Regular Cash,2005-08-29,2005-09-15,2005-08-31,/bbgid/BBG000DZ8BC1
94,2005-07-20,0.146919,Monthly,Regular Cash,2005-07-27,2005-08-15,2005-07-29,/bbgid/BBG000DZ8BC1
95,2005-06-20,0.147433,Monthly,Regular Cash,2005-06-28,2005-07-15,2005-06-30,/bbgid/BBG000DZ8BC1
96,2005-05-19,0.144471,Monthly,Regular Cash,2005-05-27,2005-06-15,2005-05-31,/bbgid/BBG000DZ8BC1
97,2005-04-20,0.145084,Monthly,Regular Cash,2005-04-27,2005-05-16,2005-04-29,/bbgid/BBG000DZ8BC1
98,2005-03-21,0.149513,Monthly,Regular Cash,2005-03-29,2005-04-15,2005-03-31,/bbgid/BBG000DZ8BC1
99,2005-01-21,0.146149,Monthly,Regular Cash,2005-02-24,2005-03-15,2005-02-28,/bbgid/BBG000DZ8BC1
100,2005-01-21,0.130543,Monthly,Regular Cash,2005-01-27,2005-02-15,2005-01-31,/bbgid/BBG000DZ8BC1
101,2004-12-20,0.133197,Monthly,Regular Cash,2004-12-29,2005-01-14,2004-12-31,/bbgid/BBG000DZ8BC1
102,2004-11-19,0.137451,Monthly,Regular Cash,2004-11-26,2004-12-15,2004-11-30,/bbgid/BBG000DZ8BC1
103,2004-10-20,0.131937,Monthly,Regular Cash,2004-10-27,2004-11-15,2004-10-29,/bbgid/BBG000DZ8BC1
104,2004-09-20,0.127058,Monthly,Regular Cash,2004-09-28,2004-10-15,2004-09-30,/bbgid/BBG000DZ8BC1
105,2004-08-09,0.123405,Monthly,Regular Cash,2004-08-27,2004-09-15,2004-08-31,/bbgid/BBG000DZ8BC1
106,2004-07-16,0.110759,Monthly,Regular Cash,2004-07-28,2004-08-16,2004-07-30,/bbgid/BBG000DZ8BC1
107,2004-06-21,0.109318,Monthly,Regular Cash,2004-06-28,2004-07-15,2004-06-30,/bbgid/BBG000DZ8BC1
108,2004-05-20,0.108432,Monthly,Regular Cash,2004-05-27,2004-06-15,2004-05-31,/bbgid/BBG000DZ8BC1
109,2004-04-19,0.107576,Monthly,Regular Cash,2004-04-28,2004-05-14,2004-04-30,/bbgid/BBG000DZ8BC1
110,2004-03-22,0.112366,Monthly,Regular Cash,2004-03-29,2004-04-15,2004-03-31,/bbgid/BBG000DZ8BC1
111,2004-02-17,0.110153,Monthly,Regular Cash,2004-02-25,2004-03-15,2004-02-27,/bbgid/BBG000DZ8BC1
112,2004-01-19,0.111489,Monthly,Regular Cash,2004-01-28,2004-02-16,2004-01-30,/bbgid/BBG000DZ8BC1
113,2003-12-19,0.112452,Monthly,Regular Cash,2003-12-29,2004-01-15,2003-12-31,/bbgid/BBG000DZ8BC1
114,2003-11-17,0.112797,Monthly,Regular Cash,2003-11-26,2003-12-15,2003-11-28,/bbgid/BBG000DZ8BC1
115,2003-10-21,0.112143,Monthly,Regular Cash,2003-10-29,2003-11-14,2003-10-31,/bbgid/BBG000DZ8BC1
116,2003-09-23,0.108552,Monthly,Regular Cash,2003-09-26,2003-10-15,2003-09-30,/bbgid/BBG000DZ8BC1
117,2003-08-07,0.104869,Monthly,Regular Cash,2003-08-27,2003-09-15,2003-08-31,/bbgid/BBG000DZ8BC1
118,2003-07-21,0.099918,Monthly,Regular Cash,2003-07-29,2003-08-15,2003-07-31,/bbgid/BBG000DZ8BC1
119,2003-06-16,0.102378,Monthly,Regular Cash,2003-06-26,2003-07-15,2003-06-30,/bbgid/BBG000DZ8BC1
120,2003-05-21,0.100084,Monthly,Regular Cash,2003-05-28,2003-06-16,2003-05-30,/bbgid/BBG000DZ8BC1
121,2003-04-21,0.095487,Monthly,Regular Cash,2003-04-28,2003-05-15,2003-04-30,/bbgid/BBG000DZ8BC1
122,2003-03-18,0.094316,Monthly,Regular Cash,2003-03-27,2003-04-15,2003-03-31,/bbgid/BBG000DZ8BC1
123,2003-02-18,0.092638,Monthly,Regular Cash,2003-02-26,2003-03-14,2003-02-28,/bbgid/BBG000DZ8BC1
124,2003-01-21,0.091,Monthly,Regular Cash,2003-01-29,2003-02-14,2003-01-31,/bbgid/BBG000DZ8BC1
125,2002-12-18,0.088335,Monthly,Regular Cash,2002-12-27,2003-01-15,2002-12-31,/bbgid/BBG000DZ8BC1
126,2002-11-18,0.087842,Monthly,Regular Cash,2002-11-27,2002-12-16,2002-11-29,/bbgid/BBG000DZ8BC1
127,2002-10-23,0.088533,Monthly,Regular Cash,2002-10-29,2002-11-15,2002-10-31,/bbgid/BBG000DZ8BC1
128,2002-09-19,0.08797,Monthly,Regular Cash,2002-09-26,2002-10-15,2002-09-30,/bbgid/BBG000DZ8BC1
129,2002-08-22,0.088856,Monthly,Regular Cash,2002-08-28,2002-09-16,2002-08-30,/bbgid/BBG000DZ8BC1
130,2002-07-16,0.088116,Monthly,Regular Cash,2002-07-29,2002-08-15,2002-07-31,/bbgid/BBG000DZ8BC1
131,2002-06-20,0.091102,Monthly,Regular Cash,2002-06-26,2002-07-15,2002-06-28,/bbgid/BBG000DZ8BC1
132,2002-05-23,0.105401,Monthly,Regular Cash,2002-05-29,2002-06-14,2002-05-31,/bbgid/BBG000DZ8BC1
0,2020-05-01,0.52,Quarter,Regular Cash,2020-06-16,2020-06-30,2020-06-17,/bbgid/BBG007PN0489
1,2020-02-10,0.52,Quarter,Regular Cash,2020-03-13,2020-04-03,2020-03-16,/bbgid/BBG007PN0489
2,2019-10-28,0.5,Quarter,Regular Cash,2019-12-16,2020-01-03,2019-12-17,/bbgid/BBG007PN0489
3,2019-08-02,0.5,Quarter,Regular Cash,2019-09-16,2019-10-03,2019-09-17,/bbgid/BBG007PN0489
4,2019-04-29,0.5,Quarter,Regular Cash,2019-06-14,2019-07-03,2019-06-17,/bbgid/BBG007PN0489
5,2019-01-23,0.5,Quarter,Regular Cash,2019-03-14,2019-04-03,2019-03-15,/bbgid/BBG007PN0489
6,2018-10-24,0.45,Quarter,Regular Cash,2018-12-14,2019-01-04,2018-12-17,/bbgid/BBG007PN0489
7,2018-08-01,0.45,Quarter,Regular Cash,2018-09-06,2018-10-01,2018-09-07,/bbgid/BBG007PN0489
8,2018-04-24,0.45,Quarter,Regular Cash,2018-05-14,2018-07-03,2018-05-15,/bbgid/BBG007PN0489
9,2018-02-12,0.45,Quarter,Regular Cash,2018-03-14,2018-04-02,2018-03-15,/bbgid/BBG007PN0489
10,2017-10-26,0.21,Quarter,Regular Cash,2017-12-14,2018-01-03,2017-12-15,/bbgid/BBG007PN0489
11,2017-08-02,0.2,Quarter,Regular Cash,2017-09-14,2017-10-03,2017-09-15,/bbgid/BBG007PN0489
12,2017-04-26,0.19,Quarter,Regular Cash,2017-05-11,2017-07-06,2017-05-15,/bbgid/BBG007PN0489
13,2017-02-13,0.18,Quarter,Regular Cash,2017-03-01,2017-04-04,2017-03-03,/bbgid/BBG007PN0489
14,2016-10-24,0.17,Quarter,Regular Cash,2016-12-06,2017-01-04,2016-12-08,/bbgid/BBG007PN0489
15,2016-08-02,0.16,Quarter,Regular Cash,2016-09-01,2016-10-04,2016-09-06,/bbgid/BBG007PN0489
16,2016-04-28,0.15,Quarter,Regular Cash,2016-05-12,2016-07-06,2016-05-16,/bbgid/BBG007PN0489
17,2016-02-16,0.14,Quarter,Regular Cash,2016-03-01,2016-04-04,2016-03-03,/bbgid/BBG007PN0489
18,2015-10-27,0.13,Quarter,Regular Cash,2015-11-23,2016-01-05,2015-11-25,/bbgid/BBG007PN0489
19,2015-07-27,0.12,Quarter,Regular Cash,2015-08-26,2015-10-02,2015-08-28,/bbgid/BBG007PN0489
20,2015-04-27,0.1,Quarter,Regular Cash,2015-05-27,2015-07-03,2015-05-29,/bbgid/BBG007PN0489
21,2015-02-17,0.09,Quarter,Regular Cash,2015-02-27,2015-04-02,2015-03-03,/bbgid/BBG007PN0489
0,2020-07-28,2.25,Quarter,Regular Cash,2020-08-06,2020-08-17,2020-08-07,/bbgid/BBG000BSPWD3
1,2020-04-27,2.25,Quarter,Regular Cash,2020-05-06,2020-05-18,2020-05-07,/bbgid/BBG000BSPWD3
2,2020-02-19,2.25,Quarter,Regular Cash,2020-02-28,2020-03-12,2020-03-02,/bbgid/BBG000BSPWD3
3,2019-10-30,2.25,Quarter,Regular Cash,2019-11-07,2019-11-21,2019-11-11,/bbgid/BBG000BSPWD3
4,2019-07-31,2.25,Quarter,Regular Cash,2019-08-09,2019-08-22,2019-08-12,/bbgid/BBG000BSPWD3
5,2019-04-30,2.25,Quarter,Regular Cash,2019-05-09,2019-05-21,2019-05-10,/bbgid/BBG000BSPWD3
6,2019-02-20,2.25,Quarter,Regular Cash,2019-03-01,2019-03-14,2019-03-04,/bbgid/BBG000BSPWD3
7,2018-10-31,1.5,Quarter,Regular Cash,2018-11-08,2018-11-23,2018-11-12,/bbgid/BBG000BSPWD3
8,2018-08-07,1.5,Quarter,Regular Cash,2018-08-17,2018-08-30,2018-08-20,/bbgid/BBG000BSPWD3
9,2018-05-02,1.5,Quarter,Regular Cash,2018-05-11,2018-05-24,2018-05-14,/bbgid/BBG000BSPWD3
10,2018-02-21,1.5,Quarter,Regular Cash,2018-03-02,2018-03-15,2018-03-05,/bbgid/BBG000BSPWD3
11,2017-11-01,1.5,Quarter,Regular Cash,2017-11-10,2017-11-24,2017-11-13,/bbgid/BBG000BSPWD3
12,2017-08-02,1.5,Quarter,Regular Cash,2017-08-10,2017-08-24,2017-08-14,/bbgid/BBG000BSPWD3
13,2017-05-03,1.5,Quarter,Regular Cash,2017-05-11,2017-05-25,2017-05-15,/bbgid/BBG000BSPWD3
14,2017-02-02,1.5,Quarter,Regular Cash,2017-02-09,2017-02-23,2017-02-13,/bbgid/BBG000BSPWD3
15,2012-12-07,3.0,Annual,Regular Cash,2012-12-13,2012-12-28,2012-12-17,/bbgid/BBG000BSPWD3
16,2012-12-07,3.0,Annual,Regular Cash,2012-12-13,2012-12-28,2012-12-17,/bbgid/BBG000BSPWD3
17,2012-12-07,3.0,Annual,Regular Cash,2012-12-13,2012-12-28,2012-12-17,/bbgid/BBG000BSPWD3
18,2012-12-07,3.0,Annual,Regular Cash,2012-12-13,2012-12-28,2012-12-17,/bbgid/BBG000BSPWD3
19,2011-03-09,-2.4245362661989844e-14,Suspend,Discontinued,2011-03-09,,,/bbgid/BBG000BSPWD3
20,2010-12-06,6.0,None,Special Cash,2010-12-16,2010-12-31,2010-12-20,/bbgid/BBG000BSPWD3
21,2010-12-06,0.75,Quarter,Regular Cash,2010-12-16,2010-12-31,2010-12-20,/bbgid/BBG000BSPWD3
22,2010-09-07,0.75,Quarter,Regular Cash,2010-09-15,2010-09-30,2010-09-17,/bbgid/BBG000BSPWD3
23,2010-06-07,0.75,Quarter,Regular Cash,2010-06-16,2010-06-30,2010-06-18,/bbgid/BBG000BSPWD3
24,2010-03-05,0.75,Quarter,Regular Cash,2010-03-17,2010-03-31,2010-03-19,/bbgid/BBG000BSPWD3
25,2009-12-14,0.75,Quarter,Regular Cash,2009-12-17,2009-12-31,2009-12-21,/bbgid/BBG000BSPWD3
26,2009-09-08,0.75,Quarter,Regular Cash,2009-09-16,2009-09-30,2009-09-18,/bbgid/BBG000BSPWD3
27,2009-06-09,0.75,Quarter,Regular Cash,2009-06-17,2009-06-30,2009-06-19,/bbgid/BBG000BSPWD3
28,2009-03-02,0.75,Quarter,Regular Cash,2009-03-18,2009-03-31,2009-03-20,/bbgid/BBG000BSPWD3
29,2008-12-09,0.75,Quarter,Regular Cash,2008-12-18,2008-12-31,2008-12-22,/bbgid/BBG000BSPWD3
30,2008-09-08,0.75,Quarter,Regular Cash,2008-09-17,2008-09-30,2008-09-19,/bbgid/BBG000BSPWD3
31,2008-06-09,0.75,Quarter,Regular Cash,2008-06-18,2008-06-30,2008-06-20,/bbgid/BBG000BSPWD3
32,2008-02-28,0.75,Quarter,Regular Cash,2008-03-18,2008-03-31,2008-03-21,/bbgid/BBG000BSPWD3
33,2007-12-10,0.75,Quarter,Regular Cash,2007-12-19,2007-12-31,2007-12-21,/bbgid/BBG000BSPWD3
34,2007-09-07,0.75,Quarter,Regular Cash,2007-09-14,2007-09-28,2007-09-18,/bbgid/BBG000BSPWD3
35,2007-06-08,0.75,Quarter,Regular Cash,2007-06-15,2007-06-29,2007-06-19,/bbgid/BBG000BSPWD3
36,2007-03-05,0.75,Quarter,Regular Cash,2007-03-16,2007-03-30,2007-03-20,/bbgid/BBG000BSPWD3
37,2006-12-11,0.75,Quarter,Regular Cash,2006-12-19,2006-12-29,2006-12-21,/bbgid/BBG000BSPWD3
38,2006-08-10,0.75,Quarter,Regular Cash,2006-09-15,2006-09-29,2006-09-19,/bbgid/BBG000BSPWD3
39,2006-05-30,0.75,Quarter,Regular Cash,2006-06-16,2006-06-30,2006-06-20,/bbgid/BBG000BSPWD3
40,2006-03-06,0.75,Quarter,Regular Cash,2006-03-17,2006-03-31,2006-03-21,/bbgid/BBG000BSPWD3
41,2005-12-09,0.75,Quarter,Regular Cash,2005-12-16,2005-12-30,2005-12-20,/bbgid/BBG000BSPWD3
42,2005-09-09,0.75,Quarter,Regular Cash,2005-09-16,2005-09-30,2005-09-20,/bbgid/BBG000BSPWD3
43,2005-06-08,0.75,Quarter,Regular Cash,2005-06-16,2005-06-30,2005-06-20,/bbgid/BBG000BSPWD3
44,2005-03-04,0.75,Quarter,Regular Cash,2005-03-17,2005-03-31,2005-03-21,/bbgid/BBG000BSPWD3
45,2004-12-08,0.75,Quarter,Regular Cash,2004-12-17,2004-12-31,2004-12-21,/bbgid/BBG000BSPWD3
46,2004-08-10,0.75,Quarter,Regular Cash,2004-09-16,2004-09-30,2004-09-20,/bbgid/BBG000BSPWD3
47,2004-06-10,0.75,Quarter,Regular Cash,2004-06-17,2004-06-30,2004-06-21,/bbgid/BBG000BSPWD3
48,2004-02-27,0.75,Quarter,Regular Cash,2004-03-18,2004-03-31,2004-03-22,/bbgid/BBG000BSPWD3
49,2003-11-28,0.75,Quarter,Regular Cash,2003-12-17,2003-12-31,2003-12-19,/bbgid/BBG000BSPWD3
50,2003-08-05,0.75,Quarter,Regular Cash,2003-09-17,2003-09-30,2003-09-19,/bbgid/BBG000BSPWD3
51,2003-04-28,0.75,Quarter,Regular Cash,2003-06-18,2003-06-30,2003-06-20,/bbgid/BBG000BSPWD3
52,2003-03-04,0.75,Quarter,Regular Cash,2003-03-19,2003-03-31,2003-03-21,/bbgid/BBG000BSPWD3
53,2002-12-13,0.75,Quarter,Regular Cash,2002-12-19,2002-12-31,2002-12-23,/bbgid/BBG000BSPWD3
54,2002-09-06,0.75,Quarter,Regular Cash,2002-09-18,2002-09-30,2002-09-20,/bbgid/BBG000BSPWD3
55,2002-04-29,0.75,Quarter,Regular Cash,2002-06-14,2002-06-28,2002-06-18,/bbgid/BBG000BSPWD3
56,2002-03-12,0.25,Quarter,Regular Cash,2002-03-15,2002-03-29,2002-03-19,/bbgid/BBG000BSPWD3
57,2001-12-03,0.25,Quarter,Regular Cash,2001-12-19,2001-12-31,2001-12-21,/bbgid/BBG000BSPWD3
58,2001-08-06,0.25,Quarter,Regular Cash,2001-09-14,2001-09-28,2001-09-18,/bbgid/BBG000BSPWD3
59,2001-04-23,0.25,Quarter,Regular Cash,2001-06-15,2001-06-29,2001-06-19,/bbgid/BBG000BSPWD3
60,2001-02-26,0.25,Quarter,Regular Cash,2001-03-16,2001-03-30,2001-03-20,/bbgid/BBG000BSPWD3
61,2000-12-04,0.25,Quarter,Regular Cash,2000-12-15,2000-12-29,2000-12-19,/bbgid/BBG000BSPWD3
62,2000-08-28,0.25,Quarter,Regular Cash,2000-09-15,2000-09-29,2000-09-19,/bbgid/BBG000BSPWD3
63,2000-04-24,0.25,Quarter,Regular Cash,2000-06-16,2000-06-30,2000-06-20,/bbgid/BBG000BSPWD3
64,2000-03-02,0.25,Quarter,Regular Cash,2000-03-17,2000-03-31,2000-03-21,/bbgid/BBG000BSPWD3
65,1999-12-03,0.25,Quarter,Regular Cash,1999-12-17,1999-12-31,1999-12-21,/bbgid/BBG000BSPWD3
66,1999-08-24,0.25,Quarter,Regular Cash,1999-09-16,1999-09-30,1999-09-20,/bbgid/BBG000BSPWD3
67,1999-06-15,0.25,Quarter,Regular Cash,1999-06-16,1999-06-30,1999-06-18,/bbgid/BBG000BSPWD3
68,1999-03-01,0.25,Quarter,Regular Cash,1999-03-17,1999-03-31,1999-03-19,/bbgid/BBG000BSPWD3
69,1998-12-09,0.25,Quarter,Regular Cash,1998-12-17,1998-12-31,1998-12-21,/bbgid/BBG000BSPWD3
70,1998-08-11,0.25,Quarter,Regular Cash,1998-09-16,1998-09-30,1998-09-18,/bbgid/BBG000BSPWD3
71,1998-05-06,0.25,Quarter,Regular Cash,1998-06-17,1998-06-30,1998-06-19,/bbgid/BBG000BSPWD3
72,1998-03-02,0.25,Quarter,Regular Cash,1998-03-18,1998-03-31,1998-03-20,/bbgid/BBG000BSPWD3
73,1997-12-08,0.25,Quarter,Regular Cash,1997-12-17,1997-12-31,1997-12-19,/bbgid/BBG000BSPWD3
74,1997-08-13,0.25,Quarter,Regular Cash,1997-09-17,1997-09-30,1997-09-19,/bbgid/BBG000BSPWD3
75,1997-06-03,0.25,Quarter,Regular Cash,1997-06-18,1997-06-30,1997-06-20,/bbgid/BBG000BSPWD3
76,1997-03-04,0.25,Quarter,Regular Cash,1997-03-19,1997-03-31,1997-03-21,/bbgid/BBG000BSPWD3
77,1996-12-10,0.25,Quarter,Regular Cash,1996-12-18,1996-12-31,1996-12-20,/bbgid/BBG000BSPWD3
78,1996-08-28,0.25,Quarter,Regular Cash,1996-09-18,1996-09-30,1996-09-20,/bbgid/BBG000BSPWD3
79,1996-05-30,0.25,Quarter,Regular Cash,1996-06-14,1996-06-28,1996-06-18,/bbgid/BBG000BSPWD3
80,1996-02-14,0.25,Quarter,Regular Cash,1996-03-15,1996-03-29,1996-03-19,/bbgid/BBG000BSPWD3
81,1995-12-05,0.25,Quarter,Regular Cash,1995-12-15,1995-12-29,1995-12-19,/bbgid/BBG000BSPWD3
82,1995-08-30,0.25,Quarter,Regular Cash,1995-09-15,1995-09-29,1995-09-19,/bbgid/BBG000BSPWD3
83,1995-06-05,0.25,Quarter,Regular Cash,1995-06-16,1995-06-30,1995-06-20,/bbgid/BBG000BSPWD3
84,1995-03-07,0.25,Quarter,Regular Cash,1995-03-15,1995-03-31,1995-03-21,/bbgid/BBG000BSPWD3
85,1994-12-06,0.25,Quarter,Regular Cash,1994-12-14,1994-12-30,1994-12-20,/bbgid/BBG000BSPWD3
86,1994-09-12,0.25,Quarter,Regular Cash,1994-09-14,1994-09-30,1994-09-20,/bbgid/BBG000BSPWD3
87,1994-06-09,0.25,Quarter,Regular Cash,1994-06-14,1994-06-30,1994-06-20,/bbgid/BBG000BSPWD3
88,1994-03-07,0.25,Quarter,Regular Cash,1994-03-15,1994-03-31,1994-03-21,/bbgid/BBG000BSPWD3
89,1993-12-10,0.25,Quarter,Regular Cash,1993-12-15,1993-12-31,1993-12-21,/bbgid/BBG000BSPWD3
90,1993-08-13,0.25,Quarter,Regular Cash,1993-09-14,1993-09-30,1993-09-20,/bbgid/BBG000BSPWD3
91,1993-06-08,0.125,Quarter,Regular Cash,1993-06-14,1993-06-30,1993-06-18,/bbgid/BBG000BSPWD3
92,1993-03-11,0.125,Quarter,Regular Cash,1993-03-15,1993-03-31,1993-03-19,/bbgid/BBG000BSPWD3
93,1992-12-04,0.125,Quarter,Regular Cash,1992-12-15,1992-12-31,1992-12-21,/bbgid/BBG000BSPWD3
94,1992-09-11,0.125,Quarter,Regular Cash,1992-09-14,1992-09-30,1992-09-18,/bbgid/BBG000BSPWD3
95,1992-06-05,0.125,Quarter,Regular Cash,1992-06-15,1992-06-30,1992-06-19,/bbgid/BBG000BSPWD3
96,1992-03-10,0.125,Quarter,Regular Cash,1992-03-16,1992-03-31,1992-03-20,/bbgid/BBG000BSPWD3
97,1991-12-03,0.125,Quarter,Regular Cash,1991-12-16,1991-12-31,1991-12-20,/bbgid/BBG000BSPWD3
98,1991-09-03,0.125,Quarter,Regular Cash,1991-09-16,1991-09-30,1991-09-20,/bbgid/BBG000BSPWD3
99,1991-05-31,0.125,Quarter,Regular Cash,1991-06-12,1991-06-28,1991-06-18,/bbgid/BBG000BSPWD3
100,1991-02-26,0.125,Quarter,Regular Cash,1991-03-13,1991-03-29,1991-03-19,/bbgid/BBG000BSPWD3
101,1990-12-03,0.125,Quarter,Regular Cash,1990-12-17,1990-12-31,1990-12-21,/bbgid/BBG000BSPWD3
102,1990-08-31,0.125,Quarter,Regular Cash,1990-09-12,1990-09-28,1990-09-18,/bbgid/BBG000BSPWD3
103,1990-06-04,0.125,Quarter,Regular Cash,1990-06-13,1990-06-28,1990-06-19,/bbgid/BBG000BSPWD3
104,1990-03-06,0.125,Quarter,Regular Cash,1990-03-14,1990-03-30,1990-03-20,/bbgid/BBG000BSPWD3
105,1989-12-04,0.125,Quarter,Regular Cash,1989-12-13,1989-12-29,1989-12-19,/bbgid/BBG000BSPWD3
106,1989-09-01,0.125,Quarter,Regular Cash,1989-09-13,1989-09-29,1989-09-19,/bbgid/BBG000BSPWD3
107,1989-06-02,0.125,Quarter,Regular Cash,1989-06-14,1989-06-30,1989-06-20,/bbgid/BBG000BSPWD3
108,1989-03-02,0.125,Quarter,Regular Cash,1989-03-14,1989-03-31,1989-03-20,/bbgid/BBG000BSPWD3
109,1988-11-29,0.125,Quarter,Regular Cash,1988-12-14,1988-12-30,1988-12-20,/bbgid/BBG000BSPWD3
110,1988-09-13,0.125,Quarter,Regular Cash,1988-09-14,1988-09-30,1988-09-20,/bbgid/BBG000BSPWD3
111,1988-06-07,0.125,Quarter,Regular Cash,1988-06-14,1988-06-30,1988-06-20,/bbgid/BBG000BSPWD3
112,1988-03-16,0.125,Quarter,Regular Cash,1988-03-18,1988-03-31,1988-03-21,/bbgid/BBG000BSPWD3
113,1987-12-03,0.125,Quarter,Regular Cash,1987-12-15,1987-12-31,1987-12-21,/bbgid/BBG000BSPWD3
114,1987-09-04,0.125,Quarter,Regular Cash,1987-09-14,1987-09-30,1987-09-18,/bbgid/BBG000BSPWD3
115,1987-06-03,0.125,Quarter,Regular Cash,1987-06-15,1987-06-30,1987-06-19,/bbgid/BBG000BSPWD3
116,1987-03-06,0.125,Quarter,Regular Cash,1987-03-16,1987-03-31,1987-03-20,/bbgid/BBG000BSPWD3
117,1986-12-03,0.125,Quarter,Regular Cash,1986-12-15,1986-12-31,1986-12-19,/bbgid/BBG000BSPWD3
118,1986-09-08,0.125,Quarter,Regular Cash,1986-09-15,1986-09-30,1986-09-19,/bbgid/BBG000BSPWD3
119,1986-06-09,0.125,Quarter,Regular Cash,1986-06-16,1986-06-30,1986-06-20,/bbgid/BBG000BSPWD3
120,1986-03-05,0.125,Quarter,Regular Cash,1986-03-17,1986-03-31,1986-03-21,/bbgid/BBG000BSPWD3
121,1985-12-03,0.125,Quarter,Regular Cash,1985-12-16,1985-12-31,1985-12-20,/bbgid/BBG000BSPWD3
122,1985-09-09,0.125,Quarter,Regular Cash,1985-09-16,1985-09-30,1985-09-20,/bbgid/BBG000BSPWD3
123,1985-06-10,0.125,Quarter,Regular Cash,1985-06-12,1985-06-28,1985-06-18,/bbgid/BBG000BSPWD3
124,1985-02-01,0.125,Quarter,Regular Cash,1985-03-27,1985-03-29,1985-03-19,/bbgid/BBG000BSPWD3
125,1984-12-11,0.125,Quarter,Regular Cash,1984-12-17,1984-12-31,1984-12-21,/bbgid/BBG000BSPWD3
126,1984-09-13,0.125,Quarter,Regular Cash,1984-09-13,1984-09-28,1984-09-18,/bbgid/BBG000BSPWD3
127,1984-06-06,0.125,Quarter,Regular Cash,1984-06-13,1984-06-29,1984-06-19,/bbgid/BBG000BSPWD3
128,1984-03-07,0.125,Quarter,Regular Cash,1984-03-14,1984-03-30,1984-03-20,/bbgid/BBG000BSPWD3
129,1983-12-08,0.125,Quarter,Regular Cash,1983-12-14,1983-12-30,1983-12-20,/bbgid/BBG000BSPWD3
130,1983-09-08,0.125,Quarter,Regular Cash,1983-09-14,1983-09-30,1983-09-20,/bbgid/BBG000BSPWD3
131,1983-06-16,0.125,Quarter,Regular Cash,1983-06-17,1983-06-30,1983-06-20,/bbgid/BBG000BSPWD3
132,1983-03-08,0.125,Quarter,Regular Cash,1983-03-15,1983-03-31,1983-03-21,/bbgid/BBG000BSPWD3
133,1982-12-06,0.125,Quarter,Regular Cash,1982-12-14,1982-12-31,1982-12-20,/bbgid/BBG000BSPWD3
134,1982-09-03,0.125,Quarter,Regular Cash,1982-09-13,1982-09-30,1982-09-17,/bbgid/BBG000BSPWD3
135,1982-06-03,0.125,Quarter,Regular Cash,1982-06-14,1982-06-30,1982-06-18,/bbgid/BBG000BSPWD3
136,1982-03-08,0.125,Quarter,Regular Cash,1982-03-15,1982-03-31,1982-03-19,/bbgid/BBG000BSPWD3
137,1981-12-04,0.125,Quarter,Regular Cash,1981-12-14,1981-12-31,1981-12-18,/bbgid/BBG000BSPWD3
138,1981-09-08,0.125,Quarter,Regular Cash,1981-09-14,1981-09-30,1981-09-18,/bbgid/BBG000BSPWD3
139,1981-06-09,0.125,Quarter,Regular Cash,1981-06-15,1981-06-30,1981-06-19,/bbgid/BBG000BSPWD3
140,1981-03-05,0.125,Quarter,Regular Cash,1981-03-16,1981-03-31,1981-03-20,/bbgid/BBG000BSPWD3
141,1980-09-10,0.125,Quarter,Regular Cash,1980-12-15,1980-12-31,1980-12-19,/bbgid/BBG000BSPWD3
142,1980-09-05,0.1,Quarter,Regular Cash,1980-09-15,1980-09-30,1980-09-19,/bbgid/BBG000BSPWD3
143,1980-06-05,0.1,Quarter,Regular Cash,1980-06-16,1980-06-30,1980-06-20,/bbgid/BBG000BSPWD3
144,1980-03-05,0.1,Quarter,Regular Cash,1980-03-17,1980-03-31,1980-03-21,/bbgid/BBG000BSPWD3
0,2020-05-06,0.45,Quarter,Regular Cash,2020-06-29,2020-07-17,2020-06-30,/bbgid/BBG00JM9SL98
1,2020-02-19,0.45,Quarter,Regular Cash,2020-03-30,2020-04-16,2020-03-31,/bbgid/BBG00JM9SL98
2,2019-12-13,0.45,Quarter,Regular Cash,2019-12-30,2020-01-16,2019-12-31,/bbgid/BBG00JM9SL98
3,2019-07-29,0.45,Quarter,Regular Cash,2019-09-27,2019-10-17,2019-09-30,/bbgid/BBG00JM9SL98
4,2019-05-10,0.43,Quarter,Regular Cash,2019-06-27,2019-07-18,2019-06-28,/bbgid/BBG00JM9SL98
5,2018-12-14,0.43,Quarter,Regular Cash,2019-03-28,2019-04-18,2019-03-29,/bbgid/BBG00JM9SL98
6,2018-11-05,0.43,Quarter,Regular Cash,2018-12-28,2019-01-17,2018-12-31,/bbgid/BBG00JM9SL98
7,2018-07-19,0.4,Quarter,Regular Cash,2018-09-27,2018-10-19,2018-09-28,/bbgid/BBG00JM9SL98
8,2018-05-23,0.4,Quarter,Regular Cash,2018-06-28,2018-07-18,2018-06-29,/bbgid/BBG00JM9SL98
9,2018-02-20,0.4,Quarter,Regular Cash,2018-03-28,2018-04-20,2018-03-29,/bbgid/BBG00JM9SL98
0,2020-06-17,0.165,Quarter,Regular Cash,2020-06-29,2020-07-07,2020-06-30,/bbgid/BBG0093LLBM8
1,2020-02-04,0.165,Quarter,Regular Cash,2020-03-30,2020-04-07,2020-03-31,/bbgid/BBG0093LLBM8
2,2019-12-03,0.15,Quarter,Regular Cash,2019-12-30,2020-01-08,2019-12-31,/bbgid/BBG0093LLBM8
3,2019-09-11,0.15,Quarter,Regular Cash,2019-09-27,2019-10-07,2019-09-30,/bbgid/BBG0093LLBM8
4,2019-05-22,0.15,Quarter,Regular Cash,2019-06-27,2019-07-05,2019-06-28,/bbgid/BBG0093LLBM8
5,2019-02-05,0.15,Quarter,Regular Cash,2019-03-28,2019-04-05,2019-03-29,/bbgid/BBG0093LLBM8
6,2018-12-04,0.135,Quarter,Regular Cash,2018-12-28,2019-01-08,2018-12-31,/bbgid/BBG0093LLBM8
7,2018-09-12,0.135,Quarter,Regular Cash,2018-09-27,2018-10-05,2018-09-28,/bbgid/BBG0093LLBM8
8,2018-05-15,0.135,Quarter,Regular Cash,2018-06-28,2018-07-06,2018-06-29,/bbgid/BBG0093LLBM8
9,2018-02-06,0.135,Quarter,Regular Cash,2018-03-28,2018-04-06,2018-03-29,/bbgid/BBG0093LLBM8
10,2017-12-06,0.1225,Quarter,Regular Cash,2017-12-28,2018-01-05,2017-12-29,/bbgid/BBG0093LLBM8
11,2017-09-12,0.1225,Quarter,Regular Cash,2017-09-28,2017-10-06,2017-09-29,/bbgid/BBG0093LLBM8
12,2017-05-15,0.1225,Quarter,Regular Cash,2017-06-28,2017-07-07,2017-06-30,/bbgid/BBG0093LLBM8
13,2017-02-09,0.1225,Quarter,Regular Cash,2017-03-29,2017-04-07,2017-03-31,/bbgid/BBG0093LLBM8
14,2016-12-06,0.11,Quarter,Regular Cash,2016-12-28,2017-01-09,2016-12-30,/bbgid/BBG0093LLBM8
15,2016-09-16,0.11,Quarter,Regular Cash,2016-09-28,2016-10-07,2016-09-30,/bbgid/BBG0093LLBM8
16,2016-05-17,0.11,Quarter,Regular Cash,2016-06-28,2016-07-07,2016-06-30,/bbgid/BBG0093LLBM8
17,2016-02-09,0.11,Quarter,Regular Cash,2016-03-29,2016-04-07,2016-03-31,/bbgid/BBG0093LLBM8
18,2015-12-10,0.1,Quarter,Regular Cash,2015-12-29,2016-01-07,2015-12-31,/bbgid/BBG0093LLBM8
19,2015-09-18,0.1,Quarter,Regular Cash,2015-09-28,2015-10-07,2015-09-30,/bbgid/BBG0093LLBM8
20,2015-06-18,0.1,Quarter,Regular Cash,2015-06-26,2015-07-07,2015-06-30,/bbgid/BBG0093LLBM8
0,2020-06-10,0.25,Quarter,Regular Cash,2020-06-29,2020-07-25,2020-06-30,/bbgid/BBG000HRCTX8
1,2020-06-10,0.2,None,Special Cash,2020-06-29,2020-07-25,2020-06-30,/bbgid/BBG000HRCTX8
2,2020-03-05,0.25,Quarter,Regular Cash,2020-03-30,2020-04-25,2020-03-31,/bbgid/BBG000HRCTX8
3,2020-03-05,0.1,None,Special Cash,2020-03-30,2020-04-25,2020-03-31,/bbgid/BBG000HRCTX8
4,2019-12-10,0.25,Quarter,Regular Cash,2019-12-30,2020-01-25,2019-12-31,/bbgid/BBG000HRCTX8
5,2019-12-10,0.8,None,Special Cash,2019-12-30,2020-01-25,2019-12-31,/bbgid/BBG000HRCTX8
6,2019-09-12,0.25,Quarter,Regular Cash,2019-09-27,2019-10-25,2019-09-30,/bbgid/BBG000HRCTX8
7,2019-09-12,0.75,None,Special Cash,2019-09-27,2019-10-25,2019-09-30,/bbgid/BBG000HRCTX8
8,2019-06-18,0.25,Quarter,Regular Cash,2019-06-27,2019-07-25,2019-06-30,/bbgid/BBG000HRCTX8
9,2019-06-18,0.65,None,Special Cash,2019-06-27,2019-07-25,2019-06-30,/bbgid/BBG000HRCTX8
10,2019-03-07,0.25,Quarter,Regular Cash,2019-03-28,2019-04-25,2019-03-31,/bbgid/BBG000HRCTX8
11,2019-03-07,0.8,None,Special Cash,2019-03-28,2019-04-25,2019-03-31,/bbgid/BBG000HRCTX8
12,2018-12-14,0.25,Quarter,Regular Cash,2018-12-28,2019-01-25,2018-12-31,/bbgid/BBG000HRCTX8
13,2018-12-14,0.35,None,Special Cash,2018-12-28,2019-01-25,2018-12-31,/bbgid/BBG000HRCTX8
14,2018-09-14,0.25,Quarter,Regular Cash,2018-09-27,2018-10-25,2018-09-30,/bbgid/BBG000HRCTX8
15,2018-09-14,0.3,None,Special Cash,2018-09-27,2018-10-25,2018-09-30,/bbgid/BBG000HRCTX8
16,2018-06-19,0.25,Quarter,Regular Cash,2018-06-28,2018-07-25,2018-06-30,/bbgid/BBG000HRCTX8
17,2018-04-18,1.0,None,Poison Pill Rights,2018-04-18,,2018-04-18,/bbgid/BBG000HRCTX8
18,2018-03-08,0.25,Quarter,Regular Cash,2018-03-28,2018-04-25,2018-03-31,/bbgid/BBG000HRCTX8
19,2018-03-08,0.1,None,Special Cash,2018-03-28,2018-04-25,2018-03-31,/bbgid/BBG000HRCTX8
20,2017-12-14,0.3,None,Special Cash,2017-12-28,2018-01-25,2017-12-31,/bbgid/BBG000HRCTX8
21,2017-12-14,0.25,Quarter,Regular Cash,2017-12-28,2018-01-25,2017-12-31,/bbgid/BBG000HRCTX8
22,2017-09-15,0.25,Quarter,Regular Cash,2017-09-28,2017-10-25,2017-09-30,/bbgid/BBG000HRCTX8
23,2017-09-15,0.75,None,Special Cash,2017-09-28,2017-10-25,2017-09-30,/bbgid/BBG000HRCTX8
24,2017-06-12,0.35,None,Special Cash,2017-06-28,2017-07-25,2017-06-30,/bbgid/BBG000HRCTX8
25,2017-06-12,0.25,Quarter,Regular Cash,2017-06-28,2017-07-25,2017-06-30,/bbgid/BBG000HRCTX8
26,2017-03-02,0.25,Quarter,Regular Cash,2017-03-29,2017-04-25,2017-03-31,/bbgid/BBG000HRCTX8
27,2017-03-02,0.25,None,Special Cash,2017-03-29,2017-04-25,2017-03-31,/bbgid/BBG000HRCTX8
28,2016-12-13,0.25,Quarter,Regular Cash,2016-12-28,2017-01-25,2016-12-31,/bbgid/BBG000HRCTX8
29,2016-09-15,0.25,Quarter,Regular Cash,2016-09-28,2016-10-25,2016-09-30,/bbgid/BBG000HRCTX8
30,2016-06-14,0.25,Quarter,Regular Cash,2016-06-28,2016-07-25,2016-06-30,/bbgid/BBG000HRCTX8
31,2016-03-03,0.25,Quarter,Regular Cash,2016-03-29,2016-04-25,2016-03-31,/bbgid/BBG000HRCTX8
32,2015-12-11,0.25,Quarter,Regular Cash,2015-12-29,2016-01-25,2015-12-31,/bbgid/BBG000HRCTX8
33,2015-09-16,0.25,Quarter,Regular Cash,2015-09-28,2015-10-25,2015-09-30,/bbgid/BBG000HRCTX8
34,2015-06-11,0.25,Quarter,Regular Cash,2015-06-26,2015-07-25,2015-06-30,/bbgid/BBG000HRCTX8
35,2015-03-05,0.25,Quarter,Regular Cash,2015-03-27,2015-04-25,2015-03-31,/bbgid/BBG000HRCTX8
36,2014-12-12,0.25,Quarter,Regular Cash,2014-12-29,2015-01-25,2014-12-31,/bbgid/BBG000HRCTX8
37,2014-12-12,0.1,Quarter,Special Cash,2014-12-29,2015-01-25,2014-12-31,/bbgid/BBG000HRCTX8
38,2014-09-17,0.25,Quarter,Special Cash,2014-09-26,2014-10-25,2014-09-30,/bbgid/BBG000HRCTX8
39,2014-09-17,0.25,Quarter,Regular Cash,2014-09-26,2014-10-25,2014-09-30,/bbgid/BBG000HRCTX8
40,2014-06-12,0.25,Quarter,Regular Cash,2014-06-26,2014-07-25,2014-06-30,/bbgid/BBG000HRCTX8
41,2014-06-12,0.15,Quarter,Special Cash,2014-06-26,2014-07-25,2014-06-30,/bbgid/BBG000HRCTX8
42,2014-03-03,0.15,Quarter,Special Cash,2014-03-27,2014-04-25,2014-03-31,/bbgid/BBG000HRCTX8
43,2014-03-03,0.25,Quarter,Regular Cash,2014-03-27,2014-04-25,2014-03-31,/bbgid/BBG000HRCTX8
44,2013-12-11,0.5,Quarter,Special Cash,2013-12-27,2014-01-25,2013-12-31,/bbgid/BBG000HRCTX8
45,2013-12-11,0.25,Quarter,Regular Cash,2013-12-27,2014-01-25,2013-12-31,/bbgid/BBG000HRCTX8
46,2013-09-17,0.125,Quarter,Special Cash,2013-09-26,2013-10-25,2013-09-30,/bbgid/BBG000HRCTX8
47,2013-09-17,0.25,Quarter,Regular Cash,2013-09-26,2013-10-25,2013-09-30,/bbgid/BBG000HRCTX8
48,2013-06-12,0.125,Quarter,Special Cash,2013-06-26,2013-07-25,2013-06-30,/bbgid/BBG000HRCTX8
49,2013-06-12,0.25,Quarter,Regular Cash,2013-06-26,2013-07-25,2013-06-30,/bbgid/BBG000HRCTX8
50,2013-03-01,0.125,Quarter,Special Cash,2013-03-26,2013-04-25,2013-03-31,/bbgid/BBG000HRCTX8
51,2013-03-01,0.25,Quarter,Regular Cash,2013-03-26,2013-04-25,2013-03-31,/bbgid/BBG000HRCTX8
52,2012-12-11,0.125,Quarter,Special Cash,2012-12-27,2013-01-25,2012-12-31,/bbgid/BBG000HRCTX8
53,2012-12-11,0.25,Quarter,Regular Cash,2012-12-27,2013-01-25,2012-12-31,/bbgid/BBG000HRCTX8
54,2012-09-13,0.25,Quarter,Regular Cash,2012-09-26,2012-10-25,2012-09-30,/bbgid/BBG000HRCTX8
55,2012-09-13,0.125,Quarter,Special Cash,2012-09-26,2012-10-25,2012-09-30,/bbgid/BBG000HRCTX8
56,2012-06-12,0.125,Quarter,Special Cash,2012-06-27,2012-07-25,2012-06-30,/bbgid/BBG000HRCTX8
57,2012-06-12,0.25,Quarter,Regular Cash,2012-06-27,2012-07-25,2012-06-30,/bbgid/BBG000HRCTX8
58,2012-02-27,0.25,Quarter,Regular Cash,2012-03-28,2012-04-25,2012-03-31,/bbgid/BBG000HRCTX8
59,2012-02-27,0.125,Quarter,Special Cash,2012-03-28,2012-04-25,2012-03-31,/bbgid/BBG000HRCTX8
60,2011-12-07,0.125,Quarter,Special Cash,2011-12-28,2012-01-25,2011-12-31,/bbgid/BBG000HRCTX8
61,2011-12-07,0.25,Quarter,Regular Cash,2011-12-28,2012-01-25,2011-12-31,/bbgid/BBG000HRCTX8
62,2011-09-20,0.5,Quarter,Special Cash,2011-09-28,2011-10-25,2011-09-30,/bbgid/BBG000HRCTX8
63,2011-09-20,0.25,Quarter,Regular Cash,2011-09-28,2011-10-25,2011-09-30,/bbgid/BBG000HRCTX8
64,2011-05-30,0.125,Quarter,Special Cash,2011-06-28,2011-07-25,2011-06-30,/bbgid/BBG000HRCTX8
65,2011-05-30,0.25,Quarter,Regular Cash,2011-06-28,2011-07-25,2011-06-30,/bbgid/BBG000HRCTX8
66,2011-03-03,2.0,None,Stock Split,2011-06-28,2011-07-04,2011-07-01,/bbgid/BBG000HRCTX8
67,2011-03-03,0.5,Quarter,Special Cash,2011-03-29,2011-04-25,2011-03-31,/bbgid/BBG000HRCTX8
68,2011-03-03,0.25,Quarter,Regular Cash,2011-03-29,2011-04-25,2011-03-31,/bbgid/BBG000HRCTX8
69,2010-12-10,0.25,Quarter,Regular Cash,2010-12-29,2011-01-25,2010-12-31,/bbgid/BBG000HRCTX8
70,2010-12-10,0.75,Quarter,Special Cash,2010-12-29,2011-01-25,2010-12-31,/bbgid/BBG000HRCTX8
71,2010-09-16,0.25,Quarter,Special Cash,2010-09-28,2010-10-25,2010-09-30,/bbgid/BBG000HRCTX8
72,2010-09-16,0.25,Quarter,Regular Cash,2010-09-28,2010-10-25,2010-09-30,/bbgid/BBG000HRCTX8
73,2010-06-08,0.125,Quarter,Special Cash,2010-06-28,2010-07-25,2010-06-30,/bbgid/BBG000HRCTX8
74,2010-06-08,0.25,Quarter,Regular Cash,2010-06-28,2010-07-25,2010-06-30,/bbgid/BBG000HRCTX8
75,2010-03-03,0.125,Quarter,Special Cash,2010-03-29,2010-04-25,2010-03-31,/bbgid/BBG000HRCTX8
76,2010-03-03,0.25,Quarter,Regular Cash,2010-03-29,2010-04-25,2010-03-31,/bbgid/BBG000HRCTX8
77,2009-12-11,0.25,Quarter,Regular Cash,2009-12-29,2010-01-25,2009-12-31,/bbgid/BBG000HRCTX8
78,2009-09-10,0.25,Quarter,Regular Cash,2009-09-28,2009-10-25,2009-09-30,/bbgid/BBG000HRCTX8
79,2009-06-11,0.25,Quarter,Regular Cash,2009-06-26,2009-07-25,2009-06-30,/bbgid/BBG000HRCTX8
80,2009-02-27,0.25,Quarter,Regular Cash,2009-03-27,2009-04-24,2009-03-31,/bbgid/BBG000HRCTX8
81,2008-12-12,0.25,Quarter,Regular Cash,2008-12-29,2009-01-26,2008-12-31,/bbgid/BBG000HRCTX8
82,2008-09-11,1.25,None,Special Cash,2008-09-26,2008-10-24,2008-09-30,/bbgid/BBG000HRCTX8
83,2008-09-11,0.25,Quarter,Regular Cash,2008-09-26,2008-10-24,2008-09-30,/bbgid/BBG000HRCTX8
84,2008-06-18,0.25,Quarter,Regular Cash,2008-06-26,2008-07-25,2008-06-30,/bbgid/BBG000HRCTX8
85,2008-06-18,0.25,None,Special Cash,2008-06-26,2008-07-25,2008-06-30,/bbgid/BBG000HRCTX8
86,2008-03-03,0.175,Quarter,Regular Cash,2008-03-27,2008-04-25,2008-03-31,/bbgid/BBG000HRCTX8
87,2007-12-13,0.1,None,Special Cash,2007-12-24,2008-01-25,2007-12-29,/bbgid/BBG000HRCTX8
88,2007-12-13,0.175,Quarter,Regular Cash,2007-12-24,2008-01-25,2007-12-29,/bbgid/BBG000HRCTX8
89,2007-09-14,0.175,Quarter,Regular Cash,2007-09-26,2007-10-25,2007-09-28,/bbgid/BBG000HRCTX8
90,2007-09-14,0.175,None,Special Cash,2007-09-26,2007-10-25,2007-09-28,/bbgid/BBG000HRCTX8
91,2007-06-13,0.175,Quarter,Regular Cash,2007-06-27,2007-07-25,2007-06-29,/bbgid/BBG000HRCTX8
92,2007-03-13,0.175,Quarter,Regular Cash,2007-03-28,2007-04-25,2007-03-30,/bbgid/BBG000HRCTX8
93,2006-12-14,0.175,Quarter,Regular Cash,2006-12-27,2007-01-25,2006-12-29,/bbgid/BBG000HRCTX8
94,2006-12-15,0.1,None,Special Cash,2006-12-27,2007-01-25,2006-12-29,/bbgid/BBG000HRCTX8
95,2006-09-15,0.125,None,Special Cash,2006-09-27,2006-10-25,2006-09-30,/bbgid/BBG000HRCTX8
96,2006-09-15,0.175,Quarter,Regular Cash,2006-09-27,2006-10-25,2006-09-30,/bbgid/BBG000HRCTX8
97,2006-06-21,0.175,Quarter,Regular Cash,2006-06-28,2006-07-25,2006-06-30,/bbgid/BBG000HRCTX8
98,2006-06-21,0.15,None,Special Cash,2006-06-28,2006-07-25,2006-06-30,/bbgid/BBG000HRCTX8
99,2006-03-07,0.175,Quarter,Regular Cash,2006-03-29,2006-04-25,2006-03-31,/bbgid/BBG000HRCTX8
100,2005-12-16,0.425,None,Special Cash,2005-12-28,2006-01-25,2006-01-01,/bbgid/BBG000HRCTX8
101,2005-12-15,0.175,Quarter,Regular Cash,2005-12-28,2006-01-25,2005-12-31,/bbgid/BBG000HRCTX8
102,2005-09-14,0.175,Quarter,Regular Cash,2005-09-28,2005-10-25,2005-09-30,/bbgid/BBG000HRCTX8
103,2005-05-05,0.175,Quarter,Regular Cash,2005-06-28,2005-07-25,2005-06-30,/bbgid/BBG000HRCTX8
104,2005-02-28,0.125,Quarter,Regular Cash,2005-03-29,2005-04-25,2005-03-31,/bbgid/BBG000HRCTX8
105,2004-12-15,0.125,Quarter,Regular Cash,2004-12-29,2005-01-25,2004-12-31,/bbgid/BBG000HRCTX8
106,2004-09-16,0.125,Quarter,Regular Cash,2004-09-28,2004-10-25,2004-09-30,/bbgid/BBG000HRCTX8
107,2004-06-17,0.125,Quarter,Regular Cash,2004-06-28,2004-07-25,2004-06-30,/bbgid/BBG000HRCTX8
108,2004-03-02,0.125,Quarter,Regular Cash,2004-03-29,2004-04-25,2004-03-31,/bbgid/BBG000HRCTX8
109,2003-12-19,0.125,Quarter,Regular Cash,2003-12-29,2004-01-25,2003-12-31,/bbgid/BBG000HRCTX8
110,2003-09-23,0.125,Quarter,Regular Cash,2003-09-26,2003-10-25,2003-09-30,/bbgid/BBG000HRCTX8
111,2003-06-19,0.125,Quarter,Regular Cash,2003-06-26,2003-07-25,2003-06-30,/bbgid/BBG000HRCTX8
112,2003-03-21,0.125,Quarter,Regular Cash,2003-03-27,2003-04-25,2003-03-31,/bbgid/BBG000HRCTX8
113,2002-12-12,0.125,Quarter,Regular Cash,2002-12-27,2003-01-27,2002-12-31,/bbgid/BBG000HRCTX8
114,2002-09-12,0.125,Quarter,Regular Cash,2002-09-26,2002-10-25,2002-09-30,/bbgid/BBG000HRCTX8
115,2002-06-12,0.125,Quarter,Regular Cash,2002-06-26,2002-07-25,2002-06-30,/bbgid/BBG000HRCTX8
116,2002-03-11,0.125,Quarter,Regular Cash,2002-03-26,2002-04-25,2002-03-31,/bbgid/BBG000HRCTX8
117,2001-06-07,0.1875,Quarter,Regular Cash,2001-12-27,2002-01-25,2001-12-31,/bbgid/BBG000HRCTX8
118,2001-06-07,0.1875,Quarter,Regular Cash,2001-09-26,2001-10-25,2001-09-30,/bbgid/BBG000HRCTX8
119,2001-06-07,0.1875,Quarter,Regular Cash,2001-06-27,2001-07-25,2001-06-30,/bbgid/BBG000HRCTX8
120,2001-03-14,0.125,Quarter,Regular Cash,2001-03-28,2001-04-25,2001-03-31,/bbgid/BBG000HRCTX8
121,2000-12-19,0.15,Quarter,Regular Cash,2000-12-27,2001-01-25,2000-12-31,/bbgid/BBG000HRCTX8
122,2000-09-15,0.125,Quarter,Regular Cash,2000-09-27,2000-10-25,2000-09-30,/bbgid/BBG000HRCTX8
123,2000-06-14,0.125,Quarter,Regular Cash,2000-06-28,2000-07-25,2000-06-30,/bbgid/BBG000HRCTX8
124,2000-03-08,0.125,Quarter,Regular Cash,2000-03-29,2000-04-25,2000-03-31,/bbgid/BBG000HRCTX8
125,1999-12-21,0.175,Quarter,Regular Cash,1999-12-29,2000-01-25,1999-12-31,/bbgid/BBG000HRCTX8
126,1999-09-20,0.125,Quarter,Regular Cash,1999-09-28,1999-10-25,1999-09-30,/bbgid/BBG000HRCTX8
127,1999-06-16,0.125,Quarter,Regular Cash,1999-06-28,1999-07-25,1999-06-30,/bbgid/BBG000HRCTX8
128,1999-03-08,0.125,Quarter,Regular Cash,1999-03-29,1999-04-25,1999-03-31,/bbgid/BBG000HRCTX8
129,1998-12-17,0.25,Quarter,Regular Cash,1998-12-29,1999-01-25,1998-12-31,/bbgid/BBG000HRCTX8
130,1998-09-18,0.125,Quarter,Regular Cash,1998-09-28,1998-10-25,1998-09-30,/bbgid/BBG000HRCTX8
131,1998-06-19,0.125,Quarter,Regular Cash,1998-06-26,1998-07-25,1998-06-30,/bbgid/BBG000HRCTX8
132,1998-03-06,0.125,Quarter,Regular Cash,1998-03-27,1998-04-25,1998-03-31,/bbgid/BBG000HRCTX8
133,1997-12-18,0.25,Quarter,Regular Cash,1997-12-29,1998-01-25,1997-12-31,/bbgid/BBG000HRCTX8
134,1997-09-22,0.125,Quarter,Regular Cash,1997-09-26,1997-10-25,1997-09-30,/bbgid/BBG000HRCTX8
135,1997-06-12,0.125,Quarter,Regular Cash,1997-06-26,1997-07-25,1997-06-30,/bbgid/BBG000HRCTX8
136,1997-03-12,0.125,Quarter,Regular Cash,1997-03-26,1997-04-25,1997-03-31,/bbgid/BBG000HRCTX8
137,1996-12-20,0.225,Irreg,Regular Cash,1996-12-27,1997-01-25,1996-12-31,/bbgid/BBG000HRCTX8
0,2020-08-20,0.01,Monthly,Regular Cash,2020-08-28,2020-09-15,2020-08-31,/bbgid/BBG000NV1YC6
1,2020-07-20,0.01,Monthly,Regular Cash,2020-07-29,2020-08-14,2020-07-30,/bbgid/BBG000NV1YC6
2,2020-06-19,0.01,Monthly,Regular Cash,2020-06-29,2020-07-15,2020-06-30,/bbgid/BBG000NV1YC6
3,2020-05-19,0.01,Monthly,Regular Cash,2020-05-28,2020-06-15,2020-05-29,/bbgid/BBG000NV1YC6
4,2020-04-20,0.01,Monthly,Regular Cash,2020-04-29,2020-05-15,2020-04-30,/bbgid/BBG000NV1YC6
5,2020-03-20,0.01,Monthly,Regular Cash,2020-03-30,2020-04-15,2020-03-31,/bbgid/BBG000NV1YC6
6,2020-02-18,0.01,Monthly,Regular Cash,2020-02-27,2020-03-16,2020-02-28,/bbgid/BBG000NV1YC6
7,2020-01-20,0.01,Monthly,Regular Cash,2020-01-29,2020-02-14,2020-01-30,/bbgid/BBG000NV1YC6
8,2019-12-18,0.01,Monthly,Regular Cash,2019-12-30,2020-01-15,2019-12-31,/bbgid/BBG000NV1YC6
9,2019-11-15,0.01,Monthly,Regular Cash,2019-11-26,2019-12-16,2019-11-27,/bbgid/BBG000NV1YC6
10,2019-10-21,0.01,Monthly,Regular Cash,2019-10-30,2019-11-15,2019-10-31,/bbgid/BBG000NV1YC6
11,2019-09-19,0.01,Monthly,Regular Cash,2019-09-27,2019-10-15,2019-09-30,/bbgid/BBG000NV1YC6
12,2019-08-20,0.01,Monthly,Regular Cash,2019-08-29,2019-09-16,2019-08-30,/bbgid/BBG000NV1YC6
13,2019-07-19,0.01,Monthly,Regular Cash,2019-07-30,2019-08-15,2019-07-31,/bbgid/BBG000NV1YC6
14,2019-06-18,0.01,Monthly,Regular Cash,2019-06-27,2019-07-15,2019-06-28,/bbgid/BBG000NV1YC6
15,2019-05-21,0.01,Monthly,Regular Cash,2019-05-30,2019-06-14,2019-05-31,/bbgid/BBG000NV1YC6
16,2019-04-18,0.01,Monthly,Regular Cash,2019-04-29,2019-05-15,2019-04-30,/bbgid/BBG000NV1YC6
17,2019-03-19,0.01,Monthly,Regular Cash,2019-03-28,2019-04-15,2019-03-29,/bbgid/BBG000NV1YC6
18,2019-02-15,0.01,Monthly,Regular Cash,2019-02-27,2019-03-15,2019-02-28,/bbgid/BBG000NV1YC6
19,2019-01-21,0.01,Monthly,Regular Cash,2019-01-30,2019-02-15,2019-01-31,/bbgid/BBG000NV1YC6
20,2018-12-17,0.01,Monthly,Regular Cash,2018-12-27,2019-01-15,2018-12-28,/bbgid/BBG000NV1YC6
21,2018-11-19,0.01,Monthly,Regular Cash,2018-11-28,2018-12-14,2018-11-29,/bbgid/BBG000NV1YC6
22,2018-10-19,0.01,Monthly,Regular Cash,2018-10-29,2018-11-15,2018-10-30,/bbgid/BBG000NV1YC6
23,2018-09-18,0.01,Monthly,Regular Cash,2018-09-27,2018-10-15,2018-09-28,/bbgid/BBG000NV1YC6
24,2018-08-20,0.01,Monthly,Regular Cash,2018-08-29,2018-09-14,2018-08-30,/bbgid/BBG000NV1YC6
25,2018-07-18,0.01,Monthly,Regular Cash,2018-07-27,2018-08-15,2018-07-30,/bbgid/BBG000NV1YC6
26,2018-06-19,0.01,Monthly,Regular Cash,2018-06-28,2018-07-16,2018-06-29,/bbgid/BBG000NV1YC6
27,2018-05-17,0.01,Monthly,Regular Cash,2018-05-29,2018-06-15,2018-05-30,/bbgid/BBG000NV1YC6
28,2018-04-19,0.01,Monthly,Regular Cash,2018-04-27,2018-05-15,2018-04-30,/bbgid/BBG000NV1YC6
29,2018-03-19,0.01,Monthly,Regular Cash,2018-03-28,2018-04-16,2018-03-29,/bbgid/BBG000NV1YC6
30,2018-02-16,0.01,Monthly,Regular Cash,2018-02-27,2018-03-15,2018-02-28,/bbgid/BBG000NV1YC6
31,2018-01-19,0.01,Monthly,Regular Cash,2018-01-30,2018-02-15,2018-01-31,/bbgid/BBG000NV1YC6
32,2017-12-18,0.01,Monthly,Regular Cash,2017-12-28,2018-01-15,2017-12-29,/bbgid/BBG000NV1YC6
33,2017-11-20,0.01,Monthly,Regular Cash,2017-11-29,2017-12-15,2017-11-30,/bbgid/BBG000NV1YC6
34,2017-10-19,0.01,Monthly,Regular Cash,2017-10-27,2017-11-15,2017-10-30,/bbgid/BBG000NV1YC6
35,2017-09-18,0.01,Monthly,Regular Cash,2017-09-27,2017-10-13,2017-09-28,/bbgid/BBG000NV1YC6
36,2017-08-21,0.01,Monthly,Regular Cash,2017-08-29,2017-09-15,2017-08-31,/bbgid/BBG000NV1YC6
37,2017-07-20,0.01,Monthly,Regular Cash,2017-07-27,2017-08-15,2017-07-31,/bbgid/BBG000NV1YC6
38,2017-06-19,0.01,Monthly,Regular Cash,2017-06-27,2017-07-14,2017-06-29,/bbgid/BBG000NV1YC6
39,2017-05-16,0.01,Monthly,Regular Cash,2017-05-24,2017-06-15,2017-05-26,/bbgid/BBG000NV1YC6
40,2017-04-18,0.01,Monthly,Regular Cash,2017-04-26,2017-05-15,2017-04-28,/bbgid/BBG000NV1YC6
41,2017-03-17,0.01,Monthly,Regular Cash,2017-03-27,2017-04-13,2017-03-29,/bbgid/BBG000NV1YC6
42,2017-02-16,0.01,Monthly,Regular Cash,2017-02-24,2017-03-15,2017-02-28,/bbgid/BBG000NV1YC6
43,2017-01-20,0.01,Monthly,Regular Cash,2017-01-27,2017-02-15,2017-01-31,/bbgid/BBG000NV1YC6
44,2016-12-19,0.01,Monthly,Regular Cash,2016-12-28,2017-01-13,2016-12-30,/bbgid/BBG000NV1YC6
45,2016-11-18,0.01,Monthly,Regular Cash,2016-11-28,2016-12-15,2016-11-30,/bbgid/BBG000NV1YC6
46,2016-10-20,0.01,Monthly,Regular Cash,2016-10-27,2016-11-15,2016-10-31,/bbgid/BBG000NV1YC6
47,2016-09-19,0.01,Monthly,Regular Cash,2016-09-27,2016-10-14,2016-09-29,/bbgid/BBG000NV1YC6
48,2016-08-19,0.01,Monthly,Regular Cash,2016-08-29,2016-09-15,2016-08-31,/bbgid/BBG000NV1YC6
49,2016-07-19,0.01,Monthly,Regular Cash,2016-07-27,2016-08-15,2016-07-29,/bbgid/BBG000NV1YC6
50,2016-06-17,0.01,Monthly,Regular Cash,2016-06-24,2016-07-15,2016-06-28,/bbgid/BBG000NV1YC6
51,2016-05-17,0.01,Monthly,Regular Cash,2016-05-25,2016-06-15,2016-05-27,/bbgid/BBG000NV1YC6
52,2016-04-21,0.01,Monthly,Regular Cash,2016-04-28,2016-05-16,2016-05-02,/bbgid/BBG000NV1YC6
53,2016-02-19,0.01,Monthly,Regular Cash,2016-03-29,2016-04-15,2016-03-31,/bbgid/BBG000NV1YC6
54,2016-02-18,0.03,Monthly,Regular Cash,2016-02-25,2016-03-15,2016-02-29,/bbgid/BBG000NV1YC6
55,2016-01-21,0.03,Monthly,Regular Cash,2016-01-28,2016-02-16,2016-02-01,/bbgid/BBG000NV1YC6
56,2015-12-18,0.03,Monthly,Regular Cash,2015-12-29,2016-01-15,2015-12-31,/bbgid/BBG000NV1YC6
57,2015-11-20,0.03,Monthly,Regular Cash,2015-11-27,2015-12-15,2015-12-01,/bbgid/BBG000NV1YC6
58,2015-10-20,0.05,Monthly,Regular Cash,2015-10-28,2015-11-16,2015-10-30,/bbgid/BBG000NV1YC6
59,2015-09-18,0.05,Monthly,Regular Cash,2015-09-28,2015-10-15,2015-09-30,/bbgid/BBG000NV1YC6
60,2015-08-20,0.05,Monthly,Regular Cash,2015-08-27,2015-09-15,2015-08-31,/bbgid/BBG000NV1YC6
61,2015-07-20,0.05,Monthly,Regular Cash,2015-07-28,2015-08-14,2015-07-30,/bbgid/BBG000NV1YC6
62,2015-06-19,0.05,Monthly,Regular Cash,2015-06-26,2015-07-15,2015-06-30,/bbgid/BBG000NV1YC6
63,2015-05-19,0.05,Monthly,Regular Cash,2015-05-27,2015-06-15,2015-05-29,/bbgid/BBG000NV1YC6
64,2015-04-20,0.05,Monthly,Regular Cash,2015-04-28,2015-05-15,2015-04-30,/bbgid/BBG000NV1YC6
65,2015-03-19,0.05,Monthly,Regular Cash,2015-03-27,2015-04-15,2015-03-31,/bbgid/BBG000NV1YC6
66,2015-02-17,0.09,Monthly,Regular Cash,2015-02-25,2015-03-16,2015-02-27,/bbgid/BBG000NV1YC6
67,2015-01-22,0.09,Monthly,Regular Cash,2015-01-29,2015-02-17,2015-02-02,/bbgid/BBG000NV1YC6
68,2014-12-18,0.09,Monthly,Regular Cash,2014-12-29,2015-01-15,2014-12-31,/bbgid/BBG000NV1YC6
69,2014-11-14,0.09,Monthly,Regular Cash,2014-11-24,2014-12-15,2014-11-26,/bbgid/BBG000NV1YC6
70,2014-10-20,0.09,Monthly,Regular Cash,2014-10-28,2014-11-14,2014-10-30,/bbgid/BBG000NV1YC6
71,2014-09-19,0.09,Monthly,Regular Cash,2014-09-26,2014-10-15,2014-09-30,/bbgid/BBG000NV1YC6
72,2014-08-26,0.09,Monthly,Regular Cash,2014-09-03,2014-09-19,2014-09-05,/bbgid/BBG000NV1YC6
73,2014-07-24,0.09,Monthly,Regular Cash,2014-07-31,2014-08-20,2014-08-05,/bbgid/BBG000NV1YC6
74,2014-06-27,0.09,Monthly,Regular Cash,2014-07-07,2014-07-21,2014-07-09,/bbgid/BBG000NV1YC6
75,2014-05-23,0.09,Monthly,Regular Cash,2014-06-03,2014-06-20,2014-06-05,/bbgid/BBG000NV1YC6
76,2014-04-24,0.09,Monthly,Regular Cash,2014-05-01,2014-05-20,2014-05-05,/bbgid/BBG000NV1YC6
77,2014-03-25,0.09,Monthly,Regular Cash,2014-04-02,2014-04-21,2014-04-04,/bbgid/BBG000NV1YC6
78,2014-02-21,0.09,Monthly,Regular Cash,2014-03-03,2014-03-20,2014-03-05,/bbgid/BBG000NV1YC6
79,2014-01-24,0.09,Monthly,Regular Cash,2014-02-03,2014-02-20,2014-02-05,/bbgid/BBG000NV1YC6
80,2013-12-20,0.09,Monthly,Regular Cash,2014-01-02,2014-01-20,2014-01-06,/bbgid/BBG000NV1YC6
81,2013-11-25,0.09,Monthly,Regular Cash,2013-12-03,2013-12-20,2013-12-05,/bbgid/BBG000NV1YC6
82,2013-10-25,0.09,Monthly,Regular Cash,2013-11-01,2013-11-20,2013-11-05,/bbgid/BBG000NV1YC6
83,2013-09-24,0.09,Monthly,Regular Cash,2013-10-02,2013-10-21,2013-10-04,/bbgid/BBG000NV1YC6
84,2013-08-26,0.09,Monthly,Regular Cash,2013-09-03,2013-09-20,2013-09-05,/bbgid/BBG000NV1YC6
85,2013-07-23,0.09,Monthly,Regular Cash,2013-07-31,2013-08-20,2013-08-02,/bbgid/BBG000NV1YC6
86,2013-06-26,0.09,Monthly,Regular Cash,2013-07-05,2013-07-19,2013-07-09,/bbgid/BBG000NV1YC6
87,2013-05-24,0.09,Monthly,Regular Cash,2013-06-03,2013-06-20,2013-06-05,/bbgid/BBG000NV1YC6
88,2013-04-23,0.09,Monthly,Regular Cash,2013-05-01,2013-05-21,2013-05-03,/bbgid/BBG000NV1YC6
89,2013-03-25,0.09,Monthly,Regular Cash,2013-04-03,2013-04-19,2013-04-05,/bbgid/BBG000NV1YC6
90,2013-02-21,0.09,Monthly,Regular Cash,2013-03-01,2013-03-20,2013-03-05,/bbgid/BBG000NV1YC6
91,2013-01-25,0.09,Monthly,Regular Cash,2013-02-01,2013-02-20,2013-02-05,/bbgid/BBG000NV1YC6
92,2012-12-21,0.09,Monthly,Regular Cash,2013-01-02,2013-01-21,2013-01-04,/bbgid/BBG000NV1YC6
93,2012-11-29,0.09,Monthly,Regular Cash,2012-12-06,2012-12-20,2012-12-10,/bbgid/BBG000NV1YC6
94,2012-10-30,0.09,Monthly,Regular Cash,2012-11-07,2012-11-20,2012-11-09,/bbgid/BBG000NV1YC6
95,2012-09-28,0.09,Monthly,Regular Cash,2012-10-05,2012-10-19,2012-10-10,/bbgid/BBG000NV1YC6
96,2012-08-29,0.09,Monthly,Regular Cash,2012-09-06,2012-09-20,2012-09-10,/bbgid/BBG000NV1YC6
97,2012-07-31,0.09,Monthly,Regular Cash,2012-08-08,2012-08-20,2012-08-10,/bbgid/BBG000NV1YC6
98,2012-06-12,0.09,Monthly,Regular Cash,2012-07-06,2012-07-20,2012-07-10,/bbgid/BBG000NV1YC6
99,2012-05-29,0.18,Monthly,Regular Cash,2012-06-06,2012-06-20,2012-06-08,/bbgid/BBG000NV1YC6
100,2012-04-30,0.18,Monthly,Regular Cash,2012-05-08,2012-05-18,2012-05-10,/bbgid/BBG000NV1YC6
101,2012-03-29,0.18,Monthly,Regular Cash,2012-04-05,2012-04-20,2012-04-10,/bbgid/BBG000NV1YC6
102,2012-02-28,0.18,Monthly,Regular Cash,2012-03-07,2012-03-20,2012-03-09,/bbgid/BBG000NV1YC6
103,2012-01-17,0.18,Monthly,Regular Cash,2012-02-08,2012-02-21,2012-02-10,/bbgid/BBG000NV1YC6
104,2011-12-23,0.18,Monthly,Regular Cash,2012-01-06,2012-01-20,2012-01-10,/bbgid/BBG000NV1YC6
105,2011-11-29,0.18,Monthly,Regular Cash,2011-12-07,2011-12-20,2011-12-09,/bbgid/BBG000NV1YC6
106,2011-10-31,0.18,Monthly,Regular Cash,2011-11-08,2011-11-21,2011-11-10,/bbgid/BBG000NV1YC6
107,2011-09-29,0.18,Monthly,Regular Cash,2011-10-06,2011-10-20,2011-10-11,/bbgid/BBG000NV1YC6
108,2011-08-30,0.18,Monthly,Regular Cash,2011-09-07,2011-09-20,2011-09-09,/bbgid/BBG000NV1YC6
109,2011-07-29,0.18,Monthly,Regular Cash,2011-08-08,2011-08-19,2011-08-10,/bbgid/BBG000NV1YC6
110,2011-06-29,0.18,Monthly,Regular Cash,2011-07-06,2011-07-20,2011-07-10,/bbgid/BBG000NV1YC6
111,2011-05-31,0.18,Monthly,Regular Cash,2011-06-08,2011-06-20,2011-06-10,/bbgid/BBG000NV1YC6
112,2011-04-29,0.18,Monthly,Regular Cash,2011-05-06,2011-05-20,2011-05-10,/bbgid/BBG000NV1YC6
113,2011-03-31,0.18,Monthly,Regular Cash,2011-04-06,2011-04-20,2011-04-10,/bbgid/BBG000NV1YC6
114,2011-02-28,0.18,Monthly,Regular Cash,2011-03-08,2011-03-20,2011-03-10,/bbgid/BBG000NV1YC6
115,2011-01-04,0.18,Monthly,Regular Cash,2011-02-08,2011-02-20,2011-02-10,/bbgid/BBG000NV1YC6
116,2010-12-20,0.18,Monthly,Regular Cash,2010-12-29,2011-01-20,2010-12-31,/bbgid/BBG000NV1YC6
117,2010-11-30,0.18,Monthly,Regular Cash,2010-12-08,2010-12-20,2010-12-10,/bbgid/BBG000NV1YC6
118,2010-10-29,0.18,Monthly,Regular Cash,2010-11-08,2010-11-20,2010-11-10,/bbgid/BBG000NV1YC6
119,2010-09-30,0.18,Monthly,Regular Cash,2010-10-06,2010-10-20,2010-10-10,/bbgid/BBG000NV1YC6
120,2010-08-31,0.18,Monthly,Regular Cash,2010-09-08,2010-09-20,2010-09-10,/bbgid/BBG000NV1YC6
121,2010-07-28,0.18,Monthly,Regular Cash,2010-08-06,2010-08-20,2010-08-10,/bbgid/BBG000NV1YC6
122,2010-06-30,0.18,Monthly,Regular Cash,2010-07-07,2010-07-20,2010-07-10,/bbgid/BBG000NV1YC6
123,2010-05-31,0.18,Monthly,Regular Cash,2010-06-08,2010-06-20,2010-06-10,/bbgid/BBG000NV1YC6
124,2010-04-29,0.18,Monthly,Regular Cash,2010-05-06,2010-05-20,2010-05-10,/bbgid/BBG000NV1YC6
125,2010-03-31,0.18,Monthly,Regular Cash,2010-04-07,2010-04-20,2010-04-10,/bbgid/BBG000NV1YC6
126,2010-02-26,0.18,Monthly,Regular Cash,2010-03-08,2010-03-20,2010-03-10,/bbgid/BBG000NV1YC6
127,2010-01-29,0.18,Monthly,Regular Cash,2010-02-08,2010-02-20,2010-02-10,/bbgid/BBG000NV1YC6
128,2009-12-18,0.18,Monthly,Regular Cash,2009-12-29,2010-01-20,2009-12-31,/bbgid/BBG000NV1YC6
129,2009-11-30,0.18,Monthly,Regular Cash,2009-12-08,2009-12-20,2009-12-10,/bbgid/BBG000NV1YC6
130,2009-10-30,0.18,Monthly,Regular Cash,2009-11-06,2009-11-20,2009-11-10,/bbgid/BBG000NV1YC6
131,2009-09-30,0.18,Monthly,Regular Cash,2009-10-07,2009-10-20,2009-10-10,/bbgid/BBG000NV1YC6
132,2009-08-31,0.18,Monthly,Regular Cash,2009-09-08,2009-09-20,2009-09-10,/bbgid/BBG000NV1YC6
133,2009-07-29,0.18,Monthly,Regular Cash,2009-08-06,2009-08-20,2009-08-10,/bbgid/BBG000NV1YC6
134,2009-06-30,0.18,Monthly,Regular Cash,2009-07-08,2009-07-20,2009-07-10,/bbgid/BBG000NV1YC6
135,2009-05-29,0.18,Monthly,Regular Cash,2009-06-08,2009-06-20,2009-06-10,/bbgid/BBG000NV1YC6
136,2009-04-30,0.18,Monthly,Regular Cash,2009-05-06,2009-05-20,2009-05-10,/bbgid/BBG000NV1YC6
137,2009-03-31,0.18,Monthly,Regular Cash,2009-04-07,2009-04-20,2009-04-10,/bbgid/BBG000NV1YC6
138,2009-02-27,0.18,Monthly,Regular Cash,2009-03-06,2009-03-20,2009-03-10,/bbgid/BBG000NV1YC6
139,2009-01-30,0.18,Monthly,Regular Cash,2009-02-06,2009-02-20,2009-02-10,/bbgid/BBG000NV1YC6
140,2008-12-18,0.25,Monthly,Regular Cash,2008-12-29,2009-01-20,2008-12-31,/bbgid/BBG000NV1YC6
141,2008-11-28,0.38,Monthly,Regular Cash,2008-12-08,2008-12-20,2008-12-10,/bbgid/BBG000NV1YC6
142,2008-10-30,0.38,Monthly,Regular Cash,2008-11-06,2008-11-20,2008-11-10,/bbgid/BBG000NV1YC6
143,2008-09-30,0.47,Monthly,Regular Cash,2008-10-08,2008-10-20,2008-10-10,/bbgid/BBG000NV1YC6
144,2008-08-07,0.47,Monthly,Regular Cash,2008-09-08,2008-09-20,2008-09-10,/bbgid/BBG000NV1YC6
145,2008-07-30,0.42,Monthly,Regular Cash,2008-08-06,2008-08-20,2008-08-10,/bbgid/BBG000NV1YC6
146,2008-06-27,0.42,Monthly,Regular Cash,2008-07-08,2008-07-20,2008-07-10,/bbgid/BBG000NV1YC6
147,2008-05-30,0.42,Monthly,Regular Cash,2008-06-06,2008-06-20,2008-06-10,/bbgid/BBG000NV1YC6
148,2008-04-30,0.42,Monthly,Regular Cash,2008-05-07,2008-05-20,2008-05-10,/bbgid/BBG000NV1YC6
149,2008-03-31,0.42,Monthly,Regular Cash,2008-04-08,2008-04-20,2008-04-10,/bbgid/BBG000NV1YC6
150,2008-02-13,0.42,Monthly,Regular Cash,2008-03-06,2008-03-20,2008-03-10,/bbgid/BBG000NV1YC6
151,2008-01-30,0.42,Monthly,Regular Cash,2008-02-06,2008-02-20,2008-02-10,/bbgid/BBG000NV1YC6
152,2007-12-18,0.42,Monthly,Regular Cash,2007-12-27,2008-01-20,2007-12-31,/bbgid/BBG000NV1YC6
153,2007-11-28,0.42,Monthly,Regular Cash,2007-12-06,2007-12-20,2007-12-10,/bbgid/BBG000NV1YC6
154,2007-10-31,0.42,Monthly,Regular Cash,2007-11-07,2007-11-20,2007-11-10,/bbgid/BBG000NV1YC6
155,2007-09-28,0.42,Monthly,Regular Cash,2007-10-05,2007-10-20,2007-10-10,/bbgid/BBG000NV1YC6
156,2007-08-29,0.42,Monthly,Regular Cash,2007-09-06,2007-09-20,2007-09-10,/bbgid/BBG000NV1YC6
157,2007-07-31,0.42,Monthly,Regular Cash,2007-08-08,2007-08-20,2007-08-10,/bbgid/BBG000NV1YC6
158,2007-06-28,0.42,Monthly,Regular Cash,2007-07-06,2007-07-20,2007-07-10,/bbgid/BBG000NV1YC6
159,2007-05-30,0.42,Monthly,Regular Cash,2007-06-06,2007-06-20,2007-06-10,/bbgid/BBG000NV1YC6
160,2007-04-30,0.42,Monthly,Regular Cash,2007-05-08,2007-05-20,2007-05-10,/bbgid/BBG000NV1YC6
161,2007-03-22,0.42,Monthly,Regular Cash,2007-04-05,2007-04-20,2007-04-10,/bbgid/BBG000NV1YC6
162,2007-02-28,0.42,Monthly,Regular Cash,2007-03-07,2007-03-20,2007-03-10,/bbgid/BBG000NV1YC6
163,2007-01-31,0.42,Monthly,Regular Cash,2007-02-07,2007-02-20,2007-02-10,/bbgid/BBG000NV1YC6
164,2006-12-18,0.42,Monthly,Regular Cash,2006-12-27,2007-01-20,2006-12-31,/bbgid/BBG000NV1YC6
165,2006-11-29,0.42,Monthly,Regular Cash,2006-12-06,2006-12-20,2006-12-10,/bbgid/BBG000NV1YC6
166,2006-10-30,0.42,Monthly,Regular Cash,2006-11-08,2006-11-20,2006-11-10,/bbgid/BBG000NV1YC6
167,2006-09-28,0.42,Monthly,Regular Cash,2006-10-05,2006-10-20,2006-10-10,/bbgid/BBG000NV1YC6
168,2006-08-30,0.42,Monthly,Regular Cash,2006-09-06,2006-09-20,2006-09-10,/bbgid/BBG000NV1YC6
169,2006-07-31,0.42,Monthly,Regular Cash,2006-08-08,2006-08-20,2006-08-10,/bbgid/BBG000NV1YC6
170,2006-06-28,0.42,Monthly,Regular Cash,2006-07-06,2006-07-20,2006-07-10,/bbgid/BBG000NV1YC6
171,2006-05-31,0.42,Monthly,Regular Cash,2006-06-07,2006-06-20,2006-06-10,/bbgid/BBG000NV1YC6
172,2006-04-28,0.42,Monthly,Regular Cash,2006-05-08,2006-05-20,2006-05-10,/bbgid/BBG000NV1YC6
173,2006-03-30,0.42,Monthly,Regular Cash,2006-04-06,2006-04-20,2006-04-10,/bbgid/BBG000NV1YC6
174,2006-02-28,0.42,Monthly,Regular Cash,2006-03-08,2006-03-20,2006-03-10,/bbgid/BBG000NV1YC6
175,2006-01-31,0.42,Monthly,Regular Cash,2006-02-08,2006-02-20,2006-02-10,/bbgid/BBG000NV1YC6
176,2005-12-16,0.42,Monthly,Regular Cash,2005-12-28,2006-01-20,2005-12-31,/bbgid/BBG000NV1YC6
177,2005-11-30,0.42,Monthly,Regular Cash,2005-12-07,2005-12-20,2005-12-10,/bbgid/BBG000NV1YC6
178,2005-10-14,0.42,Monthly,Regular Cash,2005-11-08,2005-11-20,2005-11-10,/bbgid/BBG000NV1YC6
179,2005-09-30,0.37,Monthly,Regular Cash,2005-10-05,2005-10-20,2005-10-10,/bbgid/BBG000NV1YC6
180,2005-08-31,0.37,Monthly,Regular Cash,2005-09-07,2005-09-20,2005-09-10,/bbgid/BBG000NV1YC6
181,2005-07-19,0.37,Monthly,Regular Cash,2005-08-08,2005-08-20,2005-08-10,/bbgid/BBG000NV1YC6
182,2005-06-30,0.35,Monthly,Regular Cash,2005-07-06,2005-07-20,2005-07-10,/bbgid/BBG000NV1YC6
183,2005-05-31,0.35,Monthly,Regular Cash,2005-06-08,2005-06-20,2005-06-10,/bbgid/BBG000NV1YC6
184,2005-04-29,0.35,Monthly,Regular Cash,2005-05-06,2005-05-20,2005-05-10,/bbgid/BBG000NV1YC6
185,2005-03-31,0.35,Monthly,Regular Cash,2005-04-06,2005-04-20,2005-04-10,/bbgid/BBG000NV1YC6
186,2005-02-28,0.35,Monthly,Regular Cash,2005-03-08,2005-03-20,2005-03-10,/bbgid/BBG000NV1YC6
187,2005-01-31,0.35,Monthly,Regular Cash,2005-02-08,2005-02-20,2005-02-10,/bbgid/BBG000NV1YC6
188,2004-12-16,0.35,Monthly,Regular Cash,2004-12-29,2005-01-20,2004-12-31,/bbgid/BBG000NV1YC6
189,2004-11-30,0.35,Monthly,Regular Cash,2004-12-08,2004-12-20,2004-12-10,/bbgid/BBG000NV1YC6
190,2004-10-29,0.35,Monthly,Regular Cash,2004-11-08,2004-11-20,2004-11-10,/bbgid/BBG000NV1YC6
191,2004-09-30,0.35,Monthly,Regular Cash,2004-10-06,2004-10-20,2004-10-10,/bbgid/BBG000NV1YC6
192,2004-08-31,0.35,Monthly,Regular Cash,2004-09-08,2004-09-20,2004-09-10,/bbgid/BBG000NV1YC6
193,2004-07-30,0.35,Monthly,Regular Cash,2004-08-06,2004-08-20,2004-08-10,/bbgid/BBG000NV1YC6
194,2004-06-29,0.35,Monthly,Regular Cash,2004-07-07,2004-07-20,2004-07-10,/bbgid/BBG000NV1YC6
195,2004-05-28,0.35,Monthly,Regular Cash,2004-06-08,2004-06-20,2004-06-10,/bbgid/BBG000NV1YC6
196,2004-04-29,0.35,Monthly,Regular Cash,2004-05-06,2004-05-20,2004-05-10,/bbgid/BBG000NV1YC6
197,2004-03-31,0.35,Monthly,Regular Cash,2004-04-06,2004-04-20,2004-04-10,/bbgid/BBG000NV1YC6
198,2004-02-27,0.35,Monthly,Regular Cash,2004-03-08,2004-03-20,2004-03-10,/bbgid/BBG000NV1YC6
199,2004-01-30,0.35,Monthly,Regular Cash,2004-02-06,2004-02-20,2004-02-10,/bbgid/BBG000NV1YC6
200,2003-12-17,0.35,Monthly,Regular Cash,2003-12-29,2004-01-20,2003-12-31,/bbgid/BBG000NV1YC6
201,2003-11-28,0.35,Monthly,Regular Cash,2003-12-08,2003-12-20,2003-12-10,/bbgid/BBG000NV1YC6
202,2003-10-30,0.35,Monthly,Regular Cash,2003-11-06,2003-11-20,2003-11-10,/bbgid/BBG000NV1YC6
203,2003-09-30,0.37,Monthly,Regular Cash,2003-10-08,2003-10-20,2003-10-10,/bbgid/BBG000NV1YC6
204,2003-08-28,0.37,Monthly,Regular Cash,2003-09-08,2003-09-20,2003-09-10,/bbgid/BBG000NV1YC6
205,2003-07-31,0.37,Monthly,Regular Cash,2003-08-06,2003-08-20,2003-08-10,/bbgid/BBG000NV1YC6
206,2003-06-26,0.37,Monthly,Regular Cash,2003-07-08,2003-07-20,2003-07-10,/bbgid/BBG000NV1YC6
207,2003-05-29,0.37,Monthly,Regular Cash,2003-06-06,2003-06-20,2003-06-10,/bbgid/BBG000NV1YC6
208,2003-04-30,0.37,Monthly,Regular Cash,2003-05-07,2003-05-20,2003-05-10,/bbgid/BBG000NV1YC6
209,2003-03-28,0.35,Monthly,Regular Cash,2003-04-08,2003-04-20,2003-04-10,/bbgid/BBG000NV1YC6
210,2003-02-27,0.35,Monthly,Regular Cash,2003-03-06,2003-03-20,2003-03-10,/bbgid/BBG000NV1YC6
211,2003-01-30,0.32,Monthly,Regular Cash,2003-02-06,2003-02-20,2003-02-10,/bbgid/BBG000NV1YC6
212,2002-12-17,0.3,Monthly,Regular Cash,2002-12-27,2003-01-20,2002-12-31,/bbgid/BBG000NV1YC6
213,2002-11-27,0.3,Monthly,Regular Cash,2002-12-06,2002-12-20,2002-12-10,/bbgid/BBG000NV1YC6
214,2002-10-31,0.3,Monthly,Regular Cash,2002-11-06,2002-11-20,2002-11-10,/bbgid/BBG000NV1YC6
215,2002-09-30,0.3,Monthly,Regular Cash,2002-10-08,2002-10-20,2002-10-10,/bbgid/BBG000NV1YC6
216,2002-08-29,0.28,Monthly,Regular Cash,2002-09-06,2002-09-20,2002-09-10,/bbgid/BBG000NV1YC6
217,2002-07-31,0.28,Monthly,Regular Cash,2002-08-07,2002-08-20,2002-08-10,/bbgid/BBG000NV1YC6
218,2002-06-28,0.28,Monthly,Regular Cash,2002-07-08,2002-07-20,2002-07-10,/bbgid/BBG000NV1YC6
219,2002-05-31,0.28,Monthly,Regular Cash,2002-06-06,2002-06-20,2002-06-10,/bbgid/BBG000NV1YC6
220,2002-04-30,0.28,Monthly,Regular Cash,2002-05-08,2002-05-20,2002-05-10,/bbgid/BBG000NV1YC6
221,2002-03-27,0.2,Monthly,Regular Cash,2002-04-08,2002-04-20,2002-04-10,/bbgid/BBG000NV1YC6
222,2002-02-28,0.2,Monthly,Regular Cash,2002-03-06,2002-03-20,2002-03-10,/bbgid/BBG000NV1YC6
223,2002-01-31,0.25,Monthly,Regular Cash,2002-02-06,2002-02-20,2002-02-10,/bbgid/BBG000NV1YC6
224,2001-12-17,0.3,Monthly,Regular Cash,2001-12-27,2002-01-20,2001-12-31,/bbgid/BBG000NV1YC6
225,2001-11-30,0.35,Monthly,Regular Cash,2001-12-06,2001-12-20,2001-12-10,/bbgid/BBG000NV1YC6
226,2001-10-31,0.4,Monthly,Regular Cash,2001-11-07,2001-11-20,2001-11-10,/bbgid/BBG000NV1YC6
227,2001-09-28,0.4,Monthly,Regular Cash,2001-10-05,2001-10-20,2001-10-10,/bbgid/BBG000NV1YC6
228,2001-08-30,0.1,Monthly,Special Cash,2001-09-06,2001-09-20,2001-09-10,/bbgid/BBG000NV1YC6
229,2001-08-30,0.35,Monthly,Regular Cash,2001-09-06,2001-09-20,2001-09-10,/bbgid/BBG000NV1YC6
230,2001-07-31,0.35,Monthly,Regular Cash,2001-08-08,2001-08-20,2001-08-10,/bbgid/BBG000NV1YC6
231,2001-07-31,0.15,Monthly,Special Cash,2001-08-08,2001-08-20,2001-08-10,/bbgid/BBG000NV1YC6
232,2001-06-29,0.13,Monthly,Special Cash,2001-07-06,2001-07-20,2001-07-10,/bbgid/BBG000NV1YC6
233,2001-06-29,0.35,Monthly,Regular Cash,2001-07-06,2001-07-20,2001-07-10,/bbgid/BBG000NV1YC6
234,2001-05-31,0.17,Monthly,Special Cash,2001-06-06,2001-06-20,2001-06-10,/bbgid/BBG000NV1YC6
235,2001-05-31,0.35,Monthly,Regular Cash,2001-06-06,2001-06-20,2001-06-10,/bbgid/BBG000NV1YC6
236,2001-04-30,0.35,Monthly,Special Cash,2001-05-08,2001-05-20,2001-05-10,/bbgid/BBG000NV1YC6
237,2001-04-30,0.55,Monthly,Regular Cash,2001-05-08,2001-05-20,2001-05-10,/bbgid/BBG000NV1YC6
238,2001-03-29,0.1,Monthly,Special Cash,2001-04-06,2001-04-20,2001-04-10,/bbgid/BBG000NV1YC6
239,2001-03-29,0.35,Monthly,Regular Cash,2001-04-06,2001-04-20,2001-04-10,/bbgid/BBG000NV1YC6
240,2001-02-28,0.1,Monthly,Special Cash,2001-03-07,2001-03-20,2001-03-10,/bbgid/BBG000NV1YC6
241,2001-02-28,0.35,Monthly,Regular Cash,2001-03-07,2001-03-20,2001-03-10,/bbgid/BBG000NV1YC6
242,2001-01-26,0.3,Monthly,Special Cash,2001-02-07,2001-02-20,2001-02-10,/bbgid/BBG000NV1YC6
243,2001-01-26,0.35,Monthly,Regular Cash,2001-02-07,2001-02-20,2001-02-10,/bbgid/BBG000NV1YC6
244,2001-01-04,0.05,Monthly,Special Cash,2001-01-08,2001-01-20,2001-01-10,/bbgid/BBG000NV1YC6
245,2001-01-04,0.35,Monthly,Regular Cash,2001-01-08,2001-01-20,2001-01-10,/bbgid/BBG000NV1YC6
246,2000-11-30,0.35,Monthly,Regular Cash,2000-12-06,2000-12-20,2000-12-10,/bbgid/BBG000NV1YC6
247,2000-11-30,0.05,Monthly,Special Cash,2000-12-06,2000-12-20,2000-12-10,/bbgid/BBG000NV1YC6
248,2000-10-31,0.45,Monthly,Special Cash,2000-11-08,2000-11-20,2000-11-10,/bbgid/BBG000NV1YC6
249,2000-10-31,0.3,Monthly,Regular Cash,2000-11-08,2000-11-20,2000-11-10,/bbgid/BBG000NV1YC6
250,2000-09-29,0.3,Monthly,Regular Cash,2000-10-05,2000-10-20,2000-10-10,/bbgid/BBG000NV1YC6
251,2000-08-31,0.3,Monthly,Regular Cash,2000-09-06,2000-09-20,2000-09-10,/bbgid/BBG000NV1YC6
252,2000-07-31,0.3,Monthly,Regular Cash,2000-08-08,2000-08-20,2000-08-10,/bbgid/BBG000NV1YC6
253,2000-07-31,0.13,Monthly,Special Cash,2000-08-08,2000-08-20,2000-08-10,/bbgid/BBG000NV1YC6
254,2000-06-30,0.3,Monthly,Regular Cash,2000-07-06,2000-07-20,2000-07-10,/bbgid/BBG000NV1YC6
255,2000-06-13,0.166667,None,Stock Split,2000-06-14,,2000-06-14,/bbgid/BBG000NV1YC6
256,2000-05-19,0.3,Monthly,Regular Cash,2000-05-30,2000-06-15,2000-06-01,/bbgid/BBG000NV1YC6
257,2000-04-26,0.3,Monthly,Regular Cash,2000-04-27,2000-05-15,2000-05-01,/bbgid/BBG000NV1YC6
258,2000-04-26,0.24,Monthly,Special Cash,2000-04-27,2000-05-15,2000-05-01,/bbgid/BBG000NV1YC6
259,2000-03-20,0.3,Monthly,Regular Cash,2000-03-28,2000-04-15,2000-04-01,/bbgid/BBG000NV1YC6
260,2000-02-18,0.3,Monthly,Regular Cash,2000-02-28,2000-03-15,2000-03-01,/bbgid/BBG000NV1YC6
261,2000-01-20,0.06,Monthly,Special Cash,2000-01-28,2000-02-15,2000-02-01,/bbgid/BBG000NV1YC6
262,2000-01-20,0.3,Monthly,Regular Cash,2000-01-28,2000-02-15,2000-02-01,/bbgid/BBG000NV1YC6
263,1999-12-20,0.3,Monthly,Regular Cash,1999-12-28,2000-01-15,2000-01-01,/bbgid/BBG000NV1YC6
264,1999-10-20,0.12,Monthly,Special Cash,1999-10-28,1999-11-15,1999-11-01,/bbgid/BBG000NV1YC6
265,1999-10-20,0.24,Monthly,Regular Cash,1999-10-28,1999-11-15,1999-11-01,/bbgid/BBG000NV1YC6
266,1999-09-20,0.24,Monthly,Regular Cash,1999-09-29,1999-10-15,1999-10-01,/bbgid/BBG000NV1YC6
267,1999-08-23,0.18,Monthly,Regular Cash,1999-08-30,1999-09-15,1999-09-01,/bbgid/BBG000NV1YC6
268,1999-07-20,0.15,Monthly,Regular Cash,1999-07-29,1999-08-15,1999-08-01,/bbgid/BBG000NV1YC6
269,1999-07-20,0.15,Monthly,Special Cash,1999-07-29,1999-08-15,1999-08-01,/bbgid/BBG000NV1YC6
270,1999-06-18,0.15,Monthly,Regular Cash,1999-06-29,1999-07-15,1999-07-01,/bbgid/BBG000NV1YC6
271,1999-05-20,0.15,Monthly,Regular Cash,1999-05-28,1999-06-15,1999-06-01,/bbgid/BBG000NV1YC6
272,1999-04-30,0.3,Monthly,Special Cash,1999-05-06,1999-05-20,1999-05-10,/bbgid/BBG000NV1YC6
273,1999-04-20,0.18,Monthly,Regular Cash,1999-04-28,1999-05-15,1999-05-01,/bbgid/BBG000NV1YC6
274,1999-03-18,0.15,Monthly,Regular Cash,1999-03-30,1999-04-15,1999-04-01,/bbgid/BBG000NV1YC6
0,2020-04-29,0.015625,Quarter,Regular Cash,2020-06-29,2020-07-14,2020-06-30,/bbgid/BBG000C44CB4
1,2020-02-13,0.0125,Quarter,Regular Cash,2020-03-30,2020-04-14,2020-03-31,/bbgid/BBG000C44CB4
2,2019-10-24,0.01,Quarter,Regular Cash,2019-12-30,2020-01-14,2019-12-31,/bbgid/BBG000C44CB4
3,2019-07-25,0.01,Quarter,Regular Cash,2019-09-27,2019-10-15,2019-09-30,/bbgid/BBG000C44CB4
4,2019-05-01,0.005,Quarter,Regular Cash,2019-06-27,2019-07-12,2019-06-28,/bbgid/BBG000C44CB4
5,2019-02-14,0.005,Quarter,Regular Cash,2019-03-28,2019-04-12,2019-03-29,/bbgid/BBG000C44CB4
6,2018-10-25,0.005,Quarter,Regular Cash,2018-12-27,2019-01-11,2018-12-28,/bbgid/BBG000C44CB4
7,2018-07-26,0.005,Quarter,Regular Cash,2018-09-27,2018-10-12,2018-09-28,/bbgid/BBG000C44CB4
8,2018-05-02,0.005,Quarter,Regular Cash,2018-06-28,2018-07-13,2018-06-29,/bbgid/BBG000C44CB4
9,2018-02-15,0.005,Quarter,Regular Cash,2018-03-28,2018-04-13,2018-03-29,/bbgid/BBG000C44CB4
10,2017-10-26,0.005,Quarter,Regular Cash,2017-12-28,2018-01-12,2017-12-29,/bbgid/BBG000C44CB4
11,2017-07-27,0.005,Quarter,Regular Cash,2017-09-28,2017-10-13,2017-09-29,/bbgid/BBG000C44CB4
12,2017-05-03,0.005,Quarter,Regular Cash,2017-06-28,2017-07-14,2017-06-30,/bbgid/BBG000C44CB4
13,2017-02-16,0.005,Quarter,Regular Cash,2017-03-29,2017-04-13,2017-03-31,/bbgid/BBG000C44CB4
14,2016-10-27,0.005,Quarter,Regular Cash,2016-12-28,2017-01-13,2016-12-30,/bbgid/BBG000C44CB4
15,2016-11-17,0.0625,None,Rights Issue,2016-11-23,,2016-11-25,/bbgid/BBG000C44CB4
16,2016-07-28,0.004936,Quarter,Regular Cash,2016-09-28,2016-10-14,2016-09-30,/bbgid/BBG000C44CB4
17,2016-05-04,0.004936,Quarter,Regular Cash,2016-06-28,2016-07-14,2016-06-30,/bbgid/BBG000C44CB4
18,2016-02-18,0.004936,Quarter,Regular Cash,2016-03-29,2016-04-14,2016-03-31,/bbgid/BBG000C44CB4
19,2015-10-29,0.014807,Quarter,Regular Cash,2015-12-29,2016-01-14,2015-12-31,/bbgid/BBG000C44CB4
20,2015-07-30,0.014807,Quarter,Regular Cash,2015-09-28,2015-10-14,2015-09-30,/bbgid/BBG000C44CB4
21,2015-04-28,0.014807,Quarter,Regular Cash,2015-06-26,2015-07-14,2015-06-30,/bbgid/BBG000C44CB4
22,2015-02-11,0.014807,Quarter,Regular Cash,2015-03-27,2015-04-14,2015-03-31,/bbgid/BBG000C44CB4
23,2014-10-29,0.014807,Quarter,Regular Cash,2014-12-29,2015-01-15,2014-12-31,/bbgid/BBG000C44CB4
24,2014-07-30,0.037017,Quarter,Regular Cash,2014-09-26,2014-10-14,2014-09-30,/bbgid/BBG000C44CB4
25,2014-04-29,0.037017,Quarter,Regular Cash,2014-06-26,2014-07-14,2014-06-30,/bbgid/BBG000C44CB4
26,2014-02-18,0.037017,Quarter,Regular Cash,2014-03-27,2014-04-14,2014-03-31,/bbgid/BBG000C44CB4
27,2013-10-29,0.064164,Quarter,Regular Cash,2013-12-27,2014-01-14,2013-12-31,/bbgid/BBG000C44CB4
28,2013-07-31,0.064164,Quarter,Regular Cash,2013-09-26,2013-10-11,2013-09-30,/bbgid/BBG000C44CB4
29,2013-04-30,0.064164,Quarter,Regular Cash,2013-06-26,2013-07-12,2013-06-28,/bbgid/BBG000C44CB4
30,2013-02-20,0.064164,Quarter,Regular Cash,2013-03-26,2013-04-11,2013-03-28,/bbgid/BBG000C44CB4
31,2012-10-29,0.064164,Quarter,Regular Cash,2012-12-27,2013-01-14,2012-12-31,/bbgid/BBG000C44CB4
32,2012-06-18,0.064164,Quarter,Regular Cash,2012-09-26,2012-10-12,2012-09-28,/bbgid/BBG000C44CB4
33,2012-05-01,0.054292,Quarter,Regular Cash,2012-06-27,2012-07-13,2012-06-29,/bbgid/BBG000C44CB4
34,2012-02-22,0.054292,Quarter,Regular Cash,2012-03-28,2012-04-13,2012-03-30,/bbgid/BBG000C44CB4
35,2011-11-02,0.049357,Quarter,Regular Cash,2011-12-28,2012-01-13,2011-12-30,/bbgid/BBG000C44CB4
36,2011-05-10,0.044421,Quarter,Regular Cash,2011-09-28,2011-10-14,2011-09-30,/bbgid/BBG000C44CB4
37,2011-05-03,0.029614,Quarter,Regular Cash,2011-06-28,2011-07-14,2011-06-30,/bbgid/BBG000C44CB4
38,2011-02-24,0.029614,Quarter,Regular Cash,2011-03-29,2011-04-14,2011-03-31,/bbgid/BBG000C44CB4
39,2010-11-03,0.029614,Quarter,Regular Cash,2010-12-29,2011-01-14,2010-12-31,/bbgid/BBG000C44CB4
40,2010-11-03,0.009871,None,Special Cash,2010-11-09,2010-11-26,2010-11-12,/bbgid/BBG000C44CB4
41,2010-08-04,0.019743,Quarter,Regular Cash,2010-09-28,2010-10-14,2010-09-30,/bbgid/BBG000C44CB4
42,2010-05-05,0.014807,Quarter,Regular Cash,2010-06-28,2010-07-14,2010-06-30,/bbgid/BBG000C44CB4
43,2010-03-04,0.009871,Quarter,Regular Cash,2010-03-29,2010-04-14,2010-03-31,/bbgid/BBG000C44CB4
44,2009-11-05,0.009871,Quarter,Regular Cash,2009-12-29,2010-01-14,2009-12-31,/bbgid/BBG000C44CB4
45,2009-09-01,0.009871,Quarter,Regular Cash,2009-09-28,2009-10-14,2009-09-30,/bbgid/BBG000C44CB4
46,2009-06-18,0.009871,Quarter,Regular Cash,2009-06-26,2009-07-14,2009-06-30,/bbgid/BBG000C44CB4
47,2009-03-04,0.009871,Quarter,Regular Cash,2009-03-27,2009-04-14,2009-03-31,/bbgid/BBG000C44CB4
48,2008-12-18,0.009871,Monthly,Regular Cash,2008-12-29,2009-01-14,2008-12-31,/bbgid/BBG000C44CB4
49,2008-11-06,0.009871,Monthly,Regular Cash,2008-11-26,2008-12-15,2008-11-28,/bbgid/BBG000C44CB4
50,2008-10-07,0.009871,Monthly,Regular Cash,2008-10-29,2008-11-14,2008-10-31,/bbgid/BBG000C44CB4
51,2008-08-07,0.009871,Monthly,Regular Cash,2008-09-26,2008-10-14,2008-09-30,/bbgid/BBG000C44CB4
52,2008-08-07,0.009871,Monthly,Regular Cash,2008-08-27,2008-09-15,2008-08-29,/bbgid/BBG000C44CB4
53,2008-07-16,0.009871,Monthly,Regular Cash,2008-07-29,2008-08-14,2008-07-31,/bbgid/BBG000C44CB4
54,2008-05-07,0.029614,Quarter,Regular Cash,2008-06-26,2008-07-14,2008-06-30,/bbgid/BBG000C44CB4
55,2008-03-06,0.009871,Quarter,Regular Cash,2008-03-27,2008-04-14,2008-03-31,/bbgid/BBG000C44CB4
56,2007-12-21,0.009871,Quarter,Regular Cash,2007-12-27,2008-01-14,2007-12-31,/bbgid/BBG000C44CB4
57,2007-09-21,0.009871,Quarter,Regular Cash,2007-09-26,2007-10-12,2007-09-28,/bbgid/BBG000C44CB4
58,2007-06-26,0.009871,Quarter,Regular Cash,2007-06-27,2007-07-16,2007-06-29,/bbgid/BBG000C44CB4
59,2007-03-19,0.009871,Quarter,Regular Cash,2007-03-28,2007-04-16,2007-03-30,/bbgid/BBG000C44CB4
60,2006-12-15,0.009871,Quarter,Regular Cash,2006-12-27,2007-01-16,2006-12-29,/bbgid/BBG000C44CB4
61,2006-08-09,0.009871,Quarter,Regular Cash,2006-09-27,2006-10-13,2006-09-30,/bbgid/BBG000C44CB4
62,2003-08-18,0.035894,None,Misc,2003-08-19,,,/bbgid/BBG000C44CB4
